Using launch settings from AlFalah.Api\Properties\launchSettings.json...
Building...
dbug: Microsoft.EntityFrameworkCore.Infrastructure[10401]
      An 'IServiceProvider' was created for internal use by Entity Framework.
info: Microsoft.AspNetCore.DataProtection.KeyManagement.XmlKeyManager[63]
      User profile is available. Using 'C:\Users\abdelrhman\AppData\Local\ASP.NET\DataProtection-Keys' as key repository and Windows DPAPI to encrypt keys at rest.
info: Program[0]
      Applying database migrations...
dbug: Microsoft.EntityFrameworkCore.Model[10607]
      No relationship from 'ApplicationUser' to 'UserSchoolRole' has been configured by convention because there are multiple properties on one entity type - {'UserSchoolRoles'} that could be matched with the properties on the other entity type - {'CreatedByUser', 'DeletedByUser', 'UpdatedByUser', 'User'}. This message can be disregarded if explicit configuration has been specified in 'OnModelCreating'.
dbug: Microsoft.EntityFrameworkCore.Model[10607]
      No relationship from 'UserSchoolRole' to 'ApplicationUser' has been configured by convention because there are multiple properties on one entity type - {'CreatedByUser', 'DeletedByUser', 'UpdatedByUser', 'User'} that could be matched with the properties on the other entity type - {'UserSchoolRoles'}. This message can be disregarded if explicit configuration has been specified in 'OnModelCreating'.
dbug: Microsoft.EntityFrameworkCore.Model[10607]
      No relationship from 'UserSchoolRole' to 'ApplicationUser' has been configured by convention because there are multiple properties on one entity type - {'CreatedByUser', 'DeletedByUser', 'UpdatedByUser', 'User'} that could be matched with the properties on the other entity type - {'UserSchoolRoles'}. This message can be disregarded if explicit configuration has been specified in 'OnModelCreating'.
dbug: Microsoft.EntityFrameworkCore.Model[10607]
      No relationship from 'ApplicationUser' to 'UserSchoolRole' has been configured by convention because there are multiple properties on one entity type - {'UserSchoolRoles'} that could be matched with the properties on the other entity type - {'CreatedByUser', 'DeletedByUser', 'UpdatedByUser', 'User'}. This message can be disregarded if explicit configuration has been specified in 'OnModelCreating'.
dbug: Microsoft.EntityFrameworkCore.Model[10607]
      No relationship from 'UserSchoolRole' to 'UserSchoolRole' has been configured by convention because there are multiple properties on one entity type - {<null>} that could be matched with the properties on the other entity type - {'CreatedByUser', 'DeletedByUser', 'UpdatedByUser'}. This message can be disregarded if explicit configuration has been specified in 'OnModelCreating'.
dbug: Microsoft.EntityFrameworkCore.Model[10607]
      No relationship from 'UserSchoolRole' to 'ApplicationUser' has been configured by convention because there are multiple properties on one entity type - {'CreatedByUser'} that could be matched with the properties on the other entity type - {<null>}. This message can be disregarded if explicit configuration has been specified in 'OnModelCreating'.
dbug: Microsoft.EntityFrameworkCore.Model[10607]
      No relationship from 'UserSchoolRole' to 'ApplicationUser' has been configured by convention because there are multiple properties on one entity type - {'DeletedByUser'} that could be matched with the properties on the other entity type - {<null>}. This message can be disregarded if explicit configuration has been specified in 'OnModelCreating'.
dbug: Microsoft.EntityFrameworkCore.Model[10607]
      No relationship from 'UserSchoolRole' to 'ApplicationUser' has been configured by convention because there are multiple properties on one entity type - {'UpdatedByUser'} that could be matched with the properties on the other entity type - {<null>}. This message can be disregarded if explicit configuration has been specified in 'OnModelCreating'.
dbug: Microsoft.EntityFrameworkCore.Model[10607]
      No relationship from 'UserSchoolRole' to 'ApplicationUser' has been configured by convention because there are multiple properties on one entity type - {'User'} that could be matched with the properties on the other entity type - {'UserSchoolRoles'}. This message can be disregarded if explicit configuration has been specified in 'OnModelCreating'.
dbug: Microsoft.EntityFrameworkCore.Model[10601]
      The index {'SchoolId'} was not created on entity type 'Complaint' as the properties are already covered by the index {'SchoolId', 'Status'}.
dbug: Microsoft.EntityFrameworkCore.Model[10601]
      The index {'SchoolId'} was not created on entity type 'ImprovementPlan' as the properties are already covered by the index {'SchoolId', 'Status'}.
dbug: Microsoft.EntityFrameworkCore.Model[10601]
      The index {'InstructorProfileId'} was not created on entity type 'InstructorClass' as the properties are already covered by the index {'InstructorProfileId', 'ClassLabel'}.
dbug: Microsoft.EntityFrameworkCore.Model[10601]
      The index {'VisitId'} was not created on entity type 'ReportViewLog' as the properties are already covered by the index {'VisitId', 'ViewedAt'}.
dbug: Microsoft.EntityFrameworkCore.Model[10601]
      The index {'RoleId'} was not created on entity type 'RolePermission' as the properties are already covered by the index {'RoleId', 'PermissionId'}.
dbug: Microsoft.EntityFrameworkCore.Model[10601]
      The index {'RubricVersionId'} was not created on entity type 'RubricDomain' as the properties are already covered by the index {'RubricVersionId', 'Code'}.
dbug: Microsoft.EntityFrameworkCore.Model[10601]
      The index {'RubricVersionId'} was not created on entity type 'RubricDomain' as the properties are already covered by the index {'RubricVersionId', 'SortOrder'}.
dbug: Microsoft.EntityFrameworkCore.Model[10601]
      The index {'RubricDomainId'} was not created on entity type 'RubricStandard' as the properties are already covered by the index {'RubricDomainId', 'Code'}.
dbug: Microsoft.EntityFrameworkCore.Model[10601]
      The index {'RubricDomainId'} was not created on entity type 'RubricStandard' as the properties are already covered by the index {'RubricDomainId', 'SortOrder'}.
dbug: Microsoft.EntityFrameworkCore.Model[10601]
      The index {'UserId'} was not created on entity type 'UserSchoolRole' as the properties are already covered by the index {'UserId', 'SchoolId', 'RoleId'}.
dbug: Microsoft.EntityFrameworkCore.Model[10601]
      The index {'SchoolId'} was not created on entity type 'Visit' as the properties are already covered by the index {'SchoolId', 'InstructorId'}.
dbug: Microsoft.EntityFrameworkCore.Model[10601]
      The index {'SchoolId'} was not created on entity type 'Visit' as the properties are already covered by the index {'SchoolId', 'Status'}.
dbug: Microsoft.EntityFrameworkCore.Model[10601]
      The index {'SchoolId'} was not created on entity type 'Visit' as the properties are already covered by the index {'SchoolId', 'VisitDate'}.
dbug: Microsoft.EntityFrameworkCore.Model[10601]
      The index {'VisitId'} was not created on entity type 'VisitScore' as the properties are already covered by the index {'VisitId', 'RubricStandardId'}.
dbug: Microsoft.EntityFrameworkCore.Model[10601]
      The index {'UserId'} was not created on entity type 'IdentityUserRole<string>' as the properties are already covered by the index {'UserId', 'RoleId'}.
dbug: Microsoft.EntityFrameworkCore.Model[10601]
      The index {'UserId'} was not created on entity type 'IdentityUserToken<string>' as the properties are already covered by the index {'UserId', 'LoginProvider', 'Name'}.
warn: Microsoft.EntityFrameworkCore.Model.Validation[10622]
      Entity 'ApplicationUser' has a global query filter defined and is the required end of a relationship with the entity 'Complaint'. This may lead to unexpected results when the required entity is filtered out. Either configure the navigation as optional, or define matching query filters for both entities in the navigation. See https://go.microsoft.com/fwlink/?linkid=2131316 for more information.
warn: Microsoft.EntityFrameworkCore.Model.Validation[10622]
      Entity 'ApplicationUser' has a global query filter defined and is the required end of a relationship with the entity 'Notification'. This may lead to unexpected results when the required entity is filtered out. Either configure the navigation as optional, or define matching query filters for both entities in the navigation. See https://go.microsoft.com/fwlink/?linkid=2131316 for more information.
warn: Microsoft.EntityFrameworkCore.Model.Validation[10622]
      Entity 'ApplicationUser' has a global query filter defined and is the required end of a relationship with the entity 'RefreshToken'. This may lead to unexpected results when the required entity is filtered out. Either configure the navigation as optional, or define matching query filters for both entities in the navigation. See https://go.microsoft.com/fwlink/?linkid=2131316 for more information.
warn: Microsoft.EntityFrameworkCore.Model.Validation[10622]
      Entity 'School' has a global query filter defined and is the required end of a relationship with the entity 'SchoolReportSettings'. This may lead to unexpected results when the required entity is filtered out. Either configure the navigation as optional, or define matching query filters for both entities in the navigation. See https://go.microsoft.com/fwlink/?linkid=2131316 for more information.
warn: Microsoft.EntityFrameworkCore.Model.Validation[10622]
      Entity 'ApplicationUser' has a global query filter defined and is the required end of a relationship with the entity 'UserSignature'. This may lead to unexpected results when the required entity is filtered out. Either configure the navigation as optional, or define matching query filters for both entities in the navigation. See https://go.microsoft.com/fwlink/?linkid=2131316 for more information.
dbug: Microsoft.EntityFrameworkCore.Infrastructure[10403]
      Entity Framework Core 8.0.0 initialized 'AlFalahDbContext' using provider 'Microsoft.EntityFrameworkCore.SqlServer:8.0.0' with options: MigrationsAssembly=AlFalah.Infrastructure, Version=1.0.0.0, Culture=neutral, PublicKeyToken=null 
dbug: Microsoft.EntityFrameworkCore.Database.Connection[20005]
      Creating DbConnection.
dbug: Microsoft.EntityFrameworkCore.Database.Connection[20006]
      Created DbConnection. (38ms).
dbug: Microsoft.EntityFrameworkCore.Migrations[20400]
      Migrating using database 'AlFalahDb' on server '(localdb)\mssqllocaldb'.
dbug: Microsoft.EntityFrameworkCore.Database.Connection[20000]
      Opening connection to database 'AlFalahDb' on server '(localdb)\mssqllocaldb'.
dbug: Microsoft.EntityFrameworkCore.Database.Connection[20001]
      Opened connection to database 'AlFalahDb' on server '(localdb)\mssqllocaldb'.
info: Microsoft.EntityFrameworkCore.Database.Command[20101]
      Executed DbCommand (36ms) [Parameters=[], CommandType='Text', CommandTimeout='30']
      SELECT 1
dbug: Microsoft.EntityFrameworkCore.Database.Connection[20002]
      Closing connection to database 'AlFalahDb' on server '(localdb)\mssqllocaldb'.
dbug: Microsoft.EntityFrameworkCore.Database.Connection[20003]
      Closed connection to database 'AlFalahDb' on server '(localdb)\mssqllocaldb' (4ms).
dbug: Microsoft.EntityFrameworkCore.Database.Connection[20000]
      Opening connection to database 'AlFalahDb' on server '(localdb)\mssqllocaldb'.
dbug: Microsoft.EntityFrameworkCore.Database.Connection[20001]
      Opened connection to database 'AlFalahDb' on server '(localdb)\mssqllocaldb'.
info: Microsoft.EntityFrameworkCore.Database.Command[20101]
      Executed DbCommand (31ms) [Parameters=[], CommandType='Text', CommandTimeout='30']
      SELECT OBJECT_ID(N'[__EFMigrationsHistory]');
dbug: Microsoft.EntityFrameworkCore.Database.Connection[20002]
      Closing connection to database 'AlFalahDb' on server '(localdb)\mssqllocaldb'.
dbug: Microsoft.EntityFrameworkCore.Database.Connection[20003]
      Closed connection to database 'AlFalahDb' on server '(localdb)\mssqllocaldb' (0ms).
dbug: Microsoft.EntityFrameworkCore.Database.Connection[20000]
      Opening connection to database 'AlFalahDb' on server '(localdb)\mssqllocaldb'.
dbug: Microsoft.EntityFrameworkCore.Database.Connection[20001]
      Opened connection to database 'AlFalahDb' on server '(localdb)\mssqllocaldb'.
info: Microsoft.EntityFrameworkCore.Database.Command[20101]
      Executed DbCommand (1ms) [Parameters=[], CommandType='Text', CommandTimeout='30']
      SELECT 1
dbug: Microsoft.EntityFrameworkCore.Database.Connection[20002]
      Closing connection to database 'AlFalahDb' on server '(localdb)\mssqllocaldb'.
dbug: Microsoft.EntityFrameworkCore.Database.Connection[20003]
      Closed connection to database 'AlFalahDb' on server '(localdb)\mssqllocaldb' (0ms).
dbug: Microsoft.EntityFrameworkCore.Database.Connection[20000]
      Opening connection to database 'AlFalahDb' on server '(localdb)\mssqllocaldb'.
dbug: Microsoft.EntityFrameworkCore.Database.Connection[20001]
      Opened connection to database 'AlFalahDb' on server '(localdb)\mssqllocaldb'.
info: Microsoft.EntityFrameworkCore.Database.Command[20101]
      Executed DbCommand (1ms) [Parameters=[], CommandType='Text', CommandTimeout='30']
      SELECT OBJECT_ID(N'[__EFMigrationsHistory]');
dbug: Microsoft.EntityFrameworkCore.Database.Connection[20002]
      Closing connection to database 'AlFalahDb' on server '(localdb)\mssqllocaldb'.
dbug: Microsoft.EntityFrameworkCore.Database.Connection[20003]
      Closed connection to database 'AlFalahDb' on server '(localdb)\mssqllocaldb' (0ms).
dbug: Microsoft.EntityFrameworkCore.Database.Connection[20000]
      Opening connection to database 'AlFalahDb' on server '(localdb)\mssqllocaldb'.
dbug: Microsoft.EntityFrameworkCore.Database.Connection[20001]
      Opened connection to database 'AlFalahDb' on server '(localdb)\mssqllocaldb'.
info: Microsoft.EntityFrameworkCore.Database.Command[20101]
      Executed DbCommand (3ms) [Parameters=[], CommandType='Text', CommandTimeout='30']
      SELECT [MigrationId], [ProductVersion]
      FROM [__EFMigrationsHistory]
      ORDER BY [MigrationId];
dbug: Microsoft.EntityFrameworkCore.Database.Connection[20002]
      Closing connection to database 'AlFalahDb' on server '(localdb)\mssqllocaldb'.
dbug: Microsoft.EntityFrameworkCore.Database.Connection[20003]
      Closed connection to database 'AlFalahDb' on server '(localdb)\mssqllocaldb' (0ms).
info: Microsoft.EntityFrameworkCore.Migrations[20405]
      No migrations were applied. The database is already up to date.
info: Program[0]
      Running database seeder...
info: AlFalah.Infrastructure.Data.Seeders.DatabaseSeeder[0]
      Starting database seeding...
dbug: Microsoft.EntityFrameworkCore.Query[10111]
      Compiling query expression: 
      'DbSet<ApplicationRole>()
          .FirstOrDefault(r => r.NormalizedName == __normalizedName_0)'
dbug: Microsoft.EntityFrameworkCore.Query[10107]
      Generated query execution expression: 
      'queryContext => ShapedQueryCompilingExpressionVisitor.SingleOrDefaultAsync<ApplicationRole>(
          asyncEnumerable: new SingleQueryingEnumerable<ApplicationRole>(
              (RelationalQueryContext)queryContext, 
              RelationalCommandCache.QueryExpression(
                  Projection Mapping:
                      EmptyProjectionMember -> Dictionary<IProperty, int> { [Property: ApplicationRole.Id (string) Required PK AfterSave:Throw, 0], [Property: ApplicationRole.ConcurrencyStamp (string) Concurrency, 1], [Property: ApplicationRole.CreatedAt (DateTimeOffset) Required, 2], [Property: ApplicationRole.DescriptionAr (string) MaxLength(500), 3], [Property: ApplicationRole.DescriptionEn (string), 4], [Property: ApplicationRole.IsActive (bool) Required, 5], [Property: ApplicationRole.Name (string) MaxLength(256), 6], [Property: ApplicationRole.NormalizedName (string) Index MaxLength(256), 7] }
                  SELECT TOP(1) r.Id, r.ConcurrencyStamp, r.CreatedAt, r.DescriptionAr, r.DescriptionEn, r.IsActive, r.Name, r.NormalizedName
                  FROM Roles AS r
                  WHERE r.NormalizedName == @__normalizedName_0), 
              null, 
              Func<QueryContext, DbDataReader, ResultContext, SingleQueryResultCoordinator, ApplicationRole>, 
              AlFalah.Infrastructure.Data.AlFalahDbContext, 
              False, 
              False, 
              True
          ), 
          cancellationToken: queryContext.CancellationToken)'
dbug: Microsoft.EntityFrameworkCore.Database.Connection[20000]
      Opening connection to database 'AlFalahDb' on server '(localdb)\mssqllocaldb'.
dbug: Microsoft.EntityFrameworkCore.Database.Connection[20001]
      Opened connection to database 'AlFalahDb' on server '(localdb)\mssqllocaldb'.
info: Microsoft.EntityFrameworkCore.Database.Command[20101]
      Executed DbCommand (22ms) [Parameters=[@__normalizedName_0='?' (Size = 256)], CommandType='Text', CommandTimeout='30']
      SELECT TOP(1) [r].[Id], [r].[ConcurrencyStamp], [r].[CreatedAt], [r].[DescriptionAr], [r].[DescriptionEn], [r].[IsActive], [r].[Name], [r].[NormalizedName]
      FROM [Roles] AS [r]
      WHERE [r].[NormalizedName] = @__normalizedName_0
dbug: Microsoft.EntityFrameworkCore.ChangeTracking[10806]
      Context 'AlFalahDbContext' started tracking 'ApplicationRole' entity. Consider using 'DbContextOptionsBuilder.EnableSensitiveDataLogging' to see key values.
dbug: Microsoft.EntityFrameworkCore.Database.Connection[20002]
      Closing connection to database 'AlFalahDb' on server '(localdb)\mssqllocaldb'.
dbug: Microsoft.EntityFrameworkCore.Database.Connection[20003]
      Closed connection to database 'AlFalahDb' on server '(localdb)\mssqllocaldb' (0ms).
dbug: Microsoft.EntityFrameworkCore.Database.Connection[20000]
      Opening connection to database 'AlFalahDb' on server '(localdb)\mssqllocaldb'.
dbug: Microsoft.EntityFrameworkCore.Database.Connection[20001]
      Opened connection to database 'AlFalahDb' on server '(localdb)\mssqllocaldb'.
info: Microsoft.EntityFrameworkCore.Database.Command[20101]
      Executed DbCommand (1ms) [Parameters=[@__normalizedName_0='?' (Size = 256)], CommandType='Text', CommandTimeout='30']
      SELECT TOP(1) [r].[Id], [r].[ConcurrencyStamp], [r].[CreatedAt], [r].[DescriptionAr], [r].[DescriptionEn], [r].[IsActive], [r].[Name], [r].[NormalizedName]
      FROM [Roles] AS [r]
      WHERE [r].[NormalizedName] = @__normalizedName_0
dbug: Microsoft.EntityFrameworkCore.ChangeTracking[10806]
      Context 'AlFalahDbContext' started tracking 'ApplicationRole' entity. Consider using 'DbContextOptionsBuilder.EnableSensitiveDataLogging' to see key values.
dbug: Microsoft.EntityFrameworkCore.Database.Connection[20002]
      Closing connection to database 'AlFalahDb' on server '(localdb)\mssqllocaldb'.
dbug: Microsoft.EntityFrameworkCore.Database.Connection[20003]
      Closed connection to database 'AlFalahDb' on server '(localdb)\mssqllocaldb' (0ms).
dbug: Microsoft.EntityFrameworkCore.Database.Connection[20000]
      Opening connection to database 'AlFalahDb' on server '(localdb)\mssqllocaldb'.
dbug: Microsoft.EntityFrameworkCore.Database.Connection[20001]
      Opened connection to database 'AlFalahDb' on server '(localdb)\mssqllocaldb'.
info: Microsoft.EntityFrameworkCore.Database.Command[20101]
      Executed DbCommand (0ms) [Parameters=[@__normalizedName_0='?' (Size = 256)], CommandType='Text', CommandTimeout='30']
      SELECT TOP(1) [r].[Id], [r].[ConcurrencyStamp], [r].[CreatedAt], [r].[DescriptionAr], [r].[DescriptionEn], [r].[IsActive], [r].[Name], [r].[NormalizedName]
      FROM [Roles] AS [r]
      WHERE [r].[NormalizedName] = @__normalizedName_0
dbug: Microsoft.EntityFrameworkCore.ChangeTracking[10806]
      Context 'AlFalahDbContext' started tracking 'ApplicationRole' entity. Consider using 'DbContextOptionsBuilder.EnableSensitiveDataLogging' to see key values.
dbug: Microsoft.EntityFrameworkCore.Database.Connection[20002]
      Closing connection to database 'AlFalahDb' on server '(localdb)\mssqllocaldb'.
dbug: Microsoft.EntityFrameworkCore.Database.Connection[20003]
      Closed connection to database 'AlFalahDb' on server '(localdb)\mssqllocaldb' (0ms).
dbug: Microsoft.EntityFrameworkCore.Database.Connection[20000]
      Opening connection to database 'AlFalahDb' on server '(localdb)\mssqllocaldb'.
dbug: Microsoft.EntityFrameworkCore.Database.Connection[20001]
      Opened connection to database 'AlFalahDb' on server '(localdb)\mssqllocaldb'.
info: Microsoft.EntityFrameworkCore.Database.Command[20101]
      Executed DbCommand (1ms) [Parameters=[@__normalizedName_0='?' (Size = 256)], CommandType='Text', CommandTimeout='30']
      SELECT TOP(1) [r].[Id], [r].[ConcurrencyStamp], [r].[CreatedAt], [r].[DescriptionAr], [r].[DescriptionEn], [r].[IsActive], [r].[Name], [r].[NormalizedName]
      FROM [Roles] AS [r]
      WHERE [r].[NormalizedName] = @__normalizedName_0
dbug: Microsoft.EntityFrameworkCore.ChangeTracking[10806]
      Context 'AlFalahDbContext' started tracking 'ApplicationRole' entity. Consider using 'DbContextOptionsBuilder.EnableSensitiveDataLogging' to see key values.
dbug: Microsoft.EntityFrameworkCore.Database.Connection[20002]
      Closing connection to database 'AlFalahDb' on server '(localdb)\mssqllocaldb'.
dbug: Microsoft.EntityFrameworkCore.Database.Connection[20003]
      Closed connection to database 'AlFalahDb' on server '(localdb)\mssqllocaldb' (0ms).
dbug: Microsoft.EntityFrameworkCore.Database.Connection[20000]
      Opening connection to database 'AlFalahDb' on server '(localdb)\mssqllocaldb'.
dbug: Microsoft.EntityFrameworkCore.Database.Connection[20001]
      Opened connection to database 'AlFalahDb' on server '(localdb)\mssqllocaldb'.
info: Microsoft.EntityFrameworkCore.Database.Command[20101]
      Executed DbCommand (1ms) [Parameters=[@__normalizedName_0='?' (Size = 256)], CommandType='Text', CommandTimeout='30']
      SELECT TOP(1) [r].[Id], [r].[ConcurrencyStamp], [r].[CreatedAt], [r].[DescriptionAr], [r].[DescriptionEn], [r].[IsActive], [r].[Name], [r].[NormalizedName]
      FROM [Roles] AS [r]
      WHERE [r].[NormalizedName] = @__normalizedName_0
dbug: Microsoft.EntityFrameworkCore.ChangeTracking[10806]
      Context 'AlFalahDbContext' started tracking 'ApplicationRole' entity. Consider using 'DbContextOptionsBuilder.EnableSensitiveDataLogging' to see key values.
dbug: Microsoft.EntityFrameworkCore.Database.Connection[20002]
      Closing connection to database 'AlFalahDb' on server '(localdb)\mssqllocaldb'.
dbug: Microsoft.EntityFrameworkCore.Database.Connection[20003]
      Closed connection to database 'AlFalahDb' on server '(localdb)\mssqllocaldb' (0ms).
dbug: Microsoft.EntityFrameworkCore.Query[10111]
      Compiling query expression: 
      'DbSet<Permission>()
          .Any(p => p.Name == __name_0)'
dbug: Microsoft.EntityFrameworkCore.Query[10107]
      Generated query execution expression: 
      'queryContext => ShapedQueryCompilingExpressionVisitor.SingleAsync<bool>(
          asyncEnumerable: new SingleQueryingEnumerable<bool>(
              (RelationalQueryContext)queryContext, 
              RelationalCommandCache.QueryExpression(
                  Projection Mapping:
                      EmptyProjectionMember -> 0
                  SELECT EXISTS (
                      SELECT 1
                      FROM Permissions AS p
                      WHERE p.Name == @__name_0)), 
              null, 
              Func<QueryContext, DbDataReader, ResultContext, SingleQueryResultCoordinator, bool>, 
              AlFalah.Infrastructure.Data.AlFalahDbContext, 
              False, 
              False, 
              True
          ), 
          cancellationToken: queryContext.CancellationToken)'
dbug: Microsoft.EntityFrameworkCore.Database.Connection[20000]
      Opening connection to database 'AlFalahDb' on server '(localdb)\mssqllocaldb'.
dbug: Microsoft.EntityFrameworkCore.Database.Connection[20001]
      Opened connection to database 'AlFalahDb' on server '(localdb)\mssqllocaldb'.
info: Microsoft.EntityFrameworkCore.Database.Command[20101]
      Executed DbCommand (3ms) [Parameters=[@__name_0='?' (Size = 4000)], CommandType='Text', CommandTimeout='30']
      SELECT CASE
          WHEN EXISTS (
              SELECT 1
              FROM [Permissions] AS [p]
              WHERE [p].[Name] = @__name_0) THEN CAST(1 AS bit)
          ELSE CAST(0 AS bit)
      END
dbug: Microsoft.EntityFrameworkCore.Database.Connection[20002]
      Closing connection to database 'AlFalahDb' on server '(localdb)\mssqllocaldb'.
dbug: Microsoft.EntityFrameworkCore.Database.Connection[20003]
      Closed connection to database 'AlFalahDb' on server '(localdb)\mssqllocaldb' (0ms).
dbug: Microsoft.EntityFrameworkCore.Database.Connection[20000]
      Opening connection to database 'AlFalahDb' on server '(localdb)\mssqllocaldb'.
dbug: Microsoft.EntityFrameworkCore.Database.Connection[20001]
      Opened connection to database 'AlFalahDb' on server '(localdb)\mssqllocaldb'.
info: Microsoft.EntityFrameworkCore.Database.Command[20101]
      Executed DbCommand (0ms) [Parameters=[@__name_0='?' (Size = 4000)], CommandType='Text', CommandTimeout='30']
      SELECT CASE
          WHEN EXISTS (
              SELECT 1
              FROM [Permissions] AS [p]
              WHERE [p].[Name] = @__name_0) THEN CAST(1 AS bit)
          ELSE CAST(0 AS bit)
      END
dbug: Microsoft.EntityFrameworkCore.Database.Connection[20002]
      Closing connection to database 'AlFalahDb' on server '(localdb)\mssqllocaldb'.
dbug: Microsoft.EntityFrameworkCore.Database.Connection[20003]
      Closed connection to database 'AlFalahDb' on server '(localdb)\mssqllocaldb' (0ms).
dbug: Microsoft.EntityFrameworkCore.Database.Connection[20000]
      Opening connection to database 'AlFalahDb' on server '(localdb)\mssqllocaldb'.
dbug: Microsoft.EntityFrameworkCore.Database.Connection[20001]
      Opened connection to database 'AlFalahDb' on server '(localdb)\mssqllocaldb'.
info: Microsoft.EntityFrameworkCore.Database.Command[20101]
      Executed DbCommand (0ms) [Parameters=[@__name_0='?' (Size = 4000)], CommandType='Text', CommandTimeout='30']
      SELECT CASE
          WHEN EXISTS (
              SELECT 1
              FROM [Permissions] AS [p]
              WHERE [p].[Name] = @__name_0) THEN CAST(1 AS bit)
          ELSE CAST(0 AS bit)
      END
dbug: Microsoft.EntityFrameworkCore.Database.Connection[20002]
      Closing connection to database 'AlFalahDb' on server '(localdb)\mssqllocaldb'.
dbug: Microsoft.EntityFrameworkCore.Database.Connection[20003]
      Closed connection to database 'AlFalahDb' on server '(localdb)\mssqllocaldb' (0ms).
dbug: Microsoft.EntityFrameworkCore.Database.Connection[20000]
      Opening connection to database 'AlFalahDb' on server '(localdb)\mssqllocaldb'.
dbug: Microsoft.EntityFrameworkCore.Database.Connection[20001]
      Opened connection to database 'AlFalahDb' on server '(localdb)\mssqllocaldb'.
info: Microsoft.EntityFrameworkCore.Database.Command[20101]
      Executed DbCommand (0ms) [Parameters=[@__name_0='?' (Size = 4000)], CommandType='Text', CommandTimeout='30']
      SELECT CASE
          WHEN EXISTS (
              SELECT 1
              FROM [Permissions] AS [p]
              WHERE [p].[Name] = @__name_0) THEN CAST(1 AS bit)
          ELSE CAST(0 AS bit)
      END
dbug: Microsoft.EntityFrameworkCore.Database.Connection[20002]
      Closing connection to database 'AlFalahDb' on server '(localdb)\mssqllocaldb'.
dbug: Microsoft.EntityFrameworkCore.Database.Connection[20003]
      Closed connection to database 'AlFalahDb' on server '(localdb)\mssqllocaldb' (0ms).
dbug: Microsoft.EntityFrameworkCore.Database.Connection[20000]
      Opening connection to database 'AlFalahDb' on server '(localdb)\mssqllocaldb'.
dbug: Microsoft.EntityFrameworkCore.Database.Connection[20001]
      Opened connection to database 'AlFalahDb' on server '(localdb)\mssqllocaldb'.
info: Microsoft.EntityFrameworkCore.Database.Command[20101]
      Executed DbCommand (0ms) [Parameters=[@__name_0='?' (Size = 4000)], CommandType='Text', CommandTimeout='30']
      SELECT CASE
          WHEN EXISTS (
              SELECT 1
              FROM [Permissions] AS [p]
              WHERE [p].[Name] = @__name_0) THEN CAST(1 AS bit)
          ELSE CAST(0 AS bit)
      END
dbug: Microsoft.EntityFrameworkCore.Database.Connection[20002]
      Closing connection to database 'AlFalahDb' on server '(localdb)\mssqllocaldb'.
dbug: Microsoft.EntityFrameworkCore.Database.Connection[20003]
      Closed connection to database 'AlFalahDb' on server '(localdb)\mssqllocaldb' (0ms).
dbug: Microsoft.EntityFrameworkCore.Database.Connection[20000]
      Opening connection to database 'AlFalahDb' on server '(localdb)\mssqllocaldb'.
dbug: Microsoft.EntityFrameworkCore.Database.Connection[20001]
      Opened connection to database 'AlFalahDb' on server '(localdb)\mssqllocaldb'.
info: Microsoft.EntityFrameworkCore.Database.Command[20101]
      Executed DbCommand (0ms) [Parameters=[@__name_0='?' (Size = 4000)], CommandType='Text', CommandTimeout='30']
      SELECT CASE
          WHEN EXISTS (
              SELECT 1
              FROM [Permissions] AS [p]
              WHERE [p].[Name] = @__name_0) THEN CAST(1 AS bit)
          ELSE CAST(0 AS bit)
      END
dbug: Microsoft.EntityFrameworkCore.Database.Connection[20002]
      Closing connection to database 'AlFalahDb' on server '(localdb)\mssqllocaldb'.
dbug: Microsoft.EntityFrameworkCore.Database.Connection[20003]
      Closed connection to database 'AlFalahDb' on server '(localdb)\mssqllocaldb' (0ms).
dbug: Microsoft.EntityFrameworkCore.Database.Connection[20000]
      Opening connection to database 'AlFalahDb' on server '(localdb)\mssqllocaldb'.
dbug: Microsoft.EntityFrameworkCore.Database.Connection[20001]
      Opened connection to database 'AlFalahDb' on server '(localdb)\mssqllocaldb'.
info: Microsoft.EntityFrameworkCore.Database.Command[20101]
      Executed DbCommand (0ms) [Parameters=[@__name_0='?' (Size = 4000)], CommandType='Text', CommandTimeout='30']
      SELECT CASE
          WHEN EXISTS (
              SELECT 1
              FROM [Permissions] AS [p]
              WHERE [p].[Name] = @__name_0) THEN CAST(1 AS bit)
          ELSE CAST(0 AS bit)
      END
dbug: Microsoft.EntityFrameworkCore.Database.Connection[20002]
      Closing connection to database 'AlFalahDb' on server '(localdb)\mssqllocaldb'.
dbug: Microsoft.EntityFrameworkCore.Database.Connection[20003]
      Closed connection to database 'AlFalahDb' on server '(localdb)\mssqllocaldb' (0ms).
dbug: Microsoft.EntityFrameworkCore.Database.Connection[20000]
      Opening connection to database 'AlFalahDb' on server '(localdb)\mssqllocaldb'.
dbug: Microsoft.EntityFrameworkCore.Database.Connection[20001]
      Opened connection to database 'AlFalahDb' on server '(localdb)\mssqllocaldb'.
info: Microsoft.EntityFrameworkCore.Database.Command[20101]
      Executed DbCommand (0ms) [Parameters=[@__name_0='?' (Size = 4000)], CommandType='Text', CommandTimeout='30']
      SELECT CASE
          WHEN EXISTS (
              SELECT 1
              FROM [Permissions] AS [p]
              WHERE [p].[Name] = @__name_0) THEN CAST(1 AS bit)
          ELSE CAST(0 AS bit)
      END
dbug: Microsoft.EntityFrameworkCore.Database.Connection[20002]
      Closing connection to database 'AlFalahDb' on server '(localdb)\mssqllocaldb'.
dbug: Microsoft.EntityFrameworkCore.Database.Connection[20003]
      Closed connection to database 'AlFalahDb' on server '(localdb)\mssqllocaldb' (0ms).
dbug: Microsoft.EntityFrameworkCore.Database.Connection[20000]
      Opening connection to database 'AlFalahDb' on server '(localdb)\mssqllocaldb'.
dbug: Microsoft.EntityFrameworkCore.Database.Connection[20001]
      Opened connection to database 'AlFalahDb' on server '(localdb)\mssqllocaldb'.
info: Microsoft.EntityFrameworkCore.Database.Command[20101]
      Executed DbCommand (0ms) [Parameters=[@__name_0='?' (Size = 4000)], CommandType='Text', CommandTimeout='30']
      SELECT CASE
          WHEN EXISTS (
              SELECT 1
              FROM [Permissions] AS [p]
              WHERE [p].[Name] = @__name_0) THEN CAST(1 AS bit)
          ELSE CAST(0 AS bit)
      END
dbug: Microsoft.EntityFrameworkCore.Database.Connection[20002]
      Closing connection to database 'AlFalahDb' on server '(localdb)\mssqllocaldb'.
dbug: Microsoft.EntityFrameworkCore.Database.Connection[20003]
      Closed connection to database 'AlFalahDb' on server '(localdb)\mssqllocaldb' (0ms).
dbug: Microsoft.EntityFrameworkCore.Database.Connection[20000]
      Opening connection to database 'AlFalahDb' on server '(localdb)\mssqllocaldb'.
dbug: Microsoft.EntityFrameworkCore.Database.Connection[20001]
      Opened connection to database 'AlFalahDb' on server '(localdb)\mssqllocaldb'.
info: Microsoft.EntityFrameworkCore.Database.Command[20101]
      Executed DbCommand (0ms) [Parameters=[@__name_0='?' (Size = 4000)], CommandType='Text', CommandTimeout='30']
      SELECT CASE
          WHEN EXISTS (
              SELECT 1
              FROM [Permissions] AS [p]
              WHERE [p].[Name] = @__name_0) THEN CAST(1 AS bit)
          ELSE CAST(0 AS bit)
      END
dbug: Microsoft.EntityFrameworkCore.Database.Connection[20002]
      Closing connection to database 'AlFalahDb' on server '(localdb)\mssqllocaldb'.
dbug: Microsoft.EntityFrameworkCore.Database.Connection[20003]
      Closed connection to database 'AlFalahDb' on server '(localdb)\mssqllocaldb' (0ms).
dbug: Microsoft.EntityFrameworkCore.Database.Connection[20000]
      Opening connection to database 'AlFalahDb' on server '(localdb)\mssqllocaldb'.
dbug: Microsoft.EntityFrameworkCore.Database.Connection[20001]
      Opened connection to database 'AlFalahDb' on server '(localdb)\mssqllocaldb'.
info: Microsoft.EntityFrameworkCore.Database.Command[20101]
      Executed DbCommand (0ms) [Parameters=[@__name_0='?' (Size = 4000)], CommandType='Text', CommandTimeout='30']
      SELECT CASE
          WHEN EXISTS (
              SELECT 1
              FROM [Permissions] AS [p]
              WHERE [p].[Name] = @__name_0) THEN CAST(1 AS bit)
          ELSE CAST(0 AS bit)
      END
dbug: Microsoft.EntityFrameworkCore.Database.Connection[20002]
      Closing connection to database 'AlFalahDb' on server '(localdb)\mssqllocaldb'.
dbug: Microsoft.EntityFrameworkCore.Database.Connection[20003]
      Closed connection to database 'AlFalahDb' on server '(localdb)\mssqllocaldb' (0ms).
dbug: Microsoft.EntityFrameworkCore.Database.Connection[20000]
      Opening connection to database 'AlFalahDb' on server '(localdb)\mssqllocaldb'.
dbug: Microsoft.EntityFrameworkCore.Database.Connection[20001]
      Opened connection to database 'AlFalahDb' on server '(localdb)\mssqllocaldb'.
info: Microsoft.EntityFrameworkCore.Database.Command[20101]
      Executed DbCommand (0ms) [Parameters=[@__name_0='?' (Size = 4000)], CommandType='Text', CommandTimeout='30']
      SELECT CASE
          WHEN EXISTS (
              SELECT 1
              FROM [Permissions] AS [p]
              WHERE [p].[Name] = @__name_0) THEN CAST(1 AS bit)
          ELSE CAST(0 AS bit)
      END
dbug: Microsoft.EntityFrameworkCore.Database.Connection[20002]
      Closing connection to database 'AlFalahDb' on server '(localdb)\mssqllocaldb'.
dbug: Microsoft.EntityFrameworkCore.Database.Connection[20003]
      Closed connection to database 'AlFalahDb' on server '(localdb)\mssqllocaldb' (0ms).
dbug: Microsoft.EntityFrameworkCore.Database.Connection[20000]
      Opening connection to database 'AlFalahDb' on server '(localdb)\mssqllocaldb'.
dbug: Microsoft.EntityFrameworkCore.Database.Connection[20001]
      Opened connection to database 'AlFalahDb' on server '(localdb)\mssqllocaldb'.
info: Microsoft.EntityFrameworkCore.Database.Command[20101]
      Executed DbCommand (0ms) [Parameters=[@__name_0='?' (Size = 4000)], CommandType='Text', CommandTimeout='30']
      SELECT CASE
          WHEN EXISTS (
              SELECT 1
              FROM [Permissions] AS [p]
              WHERE [p].[Name] = @__name_0) THEN CAST(1 AS bit)
          ELSE CAST(0 AS bit)
      END
dbug: Microsoft.EntityFrameworkCore.Database.Connection[20002]
      Closing connection to database 'AlFalahDb' on server '(localdb)\mssqllocaldb'.
dbug: Microsoft.EntityFrameworkCore.Database.Connection[20003]
      Closed connection to database 'AlFalahDb' on server '(localdb)\mssqllocaldb' (0ms).
dbug: Microsoft.EntityFrameworkCore.Database.Connection[20000]
      Opening connection to database 'AlFalahDb' on server '(localdb)\mssqllocaldb'.
dbug: Microsoft.EntityFrameworkCore.Database.Connection[20001]
      Opened connection to database 'AlFalahDb' on server '(localdb)\mssqllocaldb'.
info: Microsoft.EntityFrameworkCore.Database.Command[20101]
      Executed DbCommand (0ms) [Parameters=[@__name_0='?' (Size = 4000)], CommandType='Text', CommandTimeout='30']
      SELECT CASE
          WHEN EXISTS (
              SELECT 1
              FROM [Permissions] AS [p]
              WHERE [p].[Name] = @__name_0) THEN CAST(1 AS bit)
          ELSE CAST(0 AS bit)
      END
dbug: Microsoft.EntityFrameworkCore.Database.Connection[20002]
      Closing connection to database 'AlFalahDb' on server '(localdb)\mssqllocaldb'.
dbug: Microsoft.EntityFrameworkCore.Database.Connection[20003]
      Closed connection to database 'AlFalahDb' on server '(localdb)\mssqllocaldb' (0ms).
dbug: Microsoft.EntityFrameworkCore.Database.Connection[20000]
      Opening connection to database 'AlFalahDb' on server '(localdb)\mssqllocaldb'.
dbug: Microsoft.EntityFrameworkCore.Database.Connection[20001]
      Opened connection to database 'AlFalahDb' on server '(localdb)\mssqllocaldb'.
info: Microsoft.EntityFrameworkCore.Database.Command[20101]
      Executed DbCommand (0ms) [Parameters=[@__name_0='?' (Size = 4000)], CommandType='Text', CommandTimeout='30']
      SELECT CASE
          WHEN EXISTS (
              SELECT 1
              FROM [Permissions] AS [p]
              WHERE [p].[Name] = @__name_0) THEN CAST(1 AS bit)
          ELSE CAST(0 AS bit)
      END
dbug: Microsoft.EntityFrameworkCore.Database.Connection[20002]
      Closing connection to database 'AlFalahDb' on server '(localdb)\mssqllocaldb'.
dbug: Microsoft.EntityFrameworkCore.Database.Connection[20003]
      Closed connection to database 'AlFalahDb' on server '(localdb)\mssqllocaldb' (0ms).
dbug: Microsoft.EntityFrameworkCore.Database.Connection[20000]
      Opening connection to database 'AlFalahDb' on server '(localdb)\mssqllocaldb'.
dbug: Microsoft.EntityFrameworkCore.Database.Connection[20001]
      Opened connection to database 'AlFalahDb' on server '(localdb)\mssqllocaldb'.
info: Microsoft.EntityFrameworkCore.Database.Command[20101]
      Executed DbCommand (0ms) [Parameters=[@__name_0='?' (Size = 4000)], CommandType='Text', CommandTimeout='30']
      SELECT CASE
          WHEN EXISTS (
              SELECT 1
              FROM [Permissions] AS [p]
              WHERE [p].[Name] = @__name_0) THEN CAST(1 AS bit)
          ELSE CAST(0 AS bit)
      END
dbug: Microsoft.EntityFrameworkCore.Database.Connection[20002]
      Closing connection to database 'AlFalahDb' on server '(localdb)\mssqllocaldb'.
dbug: Microsoft.EntityFrameworkCore.Database.Connection[20003]
      Closed connection to database 'AlFalahDb' on server '(localdb)\mssqllocaldb' (0ms).
dbug: Microsoft.EntityFrameworkCore.Database.Connection[20000]
      Opening connection to database 'AlFalahDb' on server '(localdb)\mssqllocaldb'.
dbug: Microsoft.EntityFrameworkCore.Database.Connection[20001]
      Opened connection to database 'AlFalahDb' on server '(localdb)\mssqllocaldb'.
info: Microsoft.EntityFrameworkCore.Database.Command[20101]
      Executed DbCommand (0ms) [Parameters=[@__name_0='?' (Size = 4000)], CommandType='Text', CommandTimeout='30']
      SELECT CASE
          WHEN EXISTS (
              SELECT 1
              FROM [Permissions] AS [p]
              WHERE [p].[Name] = @__name_0) THEN CAST(1 AS bit)
          ELSE CAST(0 AS bit)
      END
dbug: Microsoft.EntityFrameworkCore.Database.Connection[20002]
      Closing connection to database 'AlFalahDb' on server '(localdb)\mssqllocaldb'.
dbug: Microsoft.EntityFrameworkCore.Database.Connection[20003]
      Closed connection to database 'AlFalahDb' on server '(localdb)\mssqllocaldb' (0ms).
dbug: Microsoft.EntityFrameworkCore.Database.Connection[20000]
      Opening connection to database 'AlFalahDb' on server '(localdb)\mssqllocaldb'.
dbug: Microsoft.EntityFrameworkCore.Database.Connection[20001]
      Opened connection to database 'AlFalahDb' on server '(localdb)\mssqllocaldb'.
info: Microsoft.EntityFrameworkCore.Database.Command[20101]
      Executed DbCommand (0ms) [Parameters=[@__name_0='?' (Size = 4000)], CommandType='Text', CommandTimeout='30']
      SELECT CASE
          WHEN EXISTS (
              SELECT 1
              FROM [Permissions] AS [p]
              WHERE [p].[Name] = @__name_0) THEN CAST(1 AS bit)
          ELSE CAST(0 AS bit)
      END
dbug: Microsoft.EntityFrameworkCore.Database.Connection[20002]
      Closing connection to database 'AlFalahDb' on server '(localdb)\mssqllocaldb'.
dbug: Microsoft.EntityFrameworkCore.Database.Connection[20003]
      Closed connection to database 'AlFalahDb' on server '(localdb)\mssqllocaldb' (0ms).
dbug: Microsoft.EntityFrameworkCore.Database.Connection[20000]
      Opening connection to database 'AlFalahDb' on server '(localdb)\mssqllocaldb'.
dbug: Microsoft.EntityFrameworkCore.Database.Connection[20001]
      Opened connection to database 'AlFalahDb' on server '(localdb)\mssqllocaldb'.
info: Microsoft.EntityFrameworkCore.Database.Command[20101]
      Executed DbCommand (0ms) [Parameters=[@__name_0='?' (Size = 4000)], CommandType='Text', CommandTimeout='30']
      SELECT CASE
          WHEN EXISTS (
              SELECT 1
              FROM [Permissions] AS [p]
              WHERE [p].[Name] = @__name_0) THEN CAST(1 AS bit)
          ELSE CAST(0 AS bit)
      END
dbug: Microsoft.EntityFrameworkCore.Database.Connection[20002]
      Closing connection to database 'AlFalahDb' on server '(localdb)\mssqllocaldb'.
dbug: Microsoft.EntityFrameworkCore.Database.Connection[20003]
      Closed connection to database 'AlFalahDb' on server '(localdb)\mssqllocaldb' (0ms).
dbug: Microsoft.EntityFrameworkCore.Database.Connection[20000]
      Opening connection to database 'AlFalahDb' on server '(localdb)\mssqllocaldb'.
dbug: Microsoft.EntityFrameworkCore.Database.Connection[20001]
      Opened connection to database 'AlFalahDb' on server '(localdb)\mssqllocaldb'.
info: Microsoft.EntityFrameworkCore.Database.Command[20101]
      Executed DbCommand (0ms) [Parameters=[@__name_0='?' (Size = 4000)], CommandType='Text', CommandTimeout='30']
      SELECT CASE
          WHEN EXISTS (
              SELECT 1
              FROM [Permissions] AS [p]
              WHERE [p].[Name] = @__name_0) THEN CAST(1 AS bit)
          ELSE CAST(0 AS bit)
      END
dbug: Microsoft.EntityFrameworkCore.Database.Connection[20002]
      Closing connection to database 'AlFalahDb' on server '(localdb)\mssqllocaldb'.
dbug: Microsoft.EntityFrameworkCore.Database.Connection[20003]
      Closed connection to database 'AlFalahDb' on server '(localdb)\mssqllocaldb' (0ms).
dbug: Microsoft.EntityFrameworkCore.Database.Connection[20000]
      Opening connection to database 'AlFalahDb' on server '(localdb)\mssqllocaldb'.
dbug: Microsoft.EntityFrameworkCore.Database.Connection[20001]
      Opened connection to database 'AlFalahDb' on server '(localdb)\mssqllocaldb'.
info: Microsoft.EntityFrameworkCore.Database.Command[20101]
      Executed DbCommand (0ms) [Parameters=[@__name_0='?' (Size = 4000)], CommandType='Text', CommandTimeout='30']
      SELECT CASE
          WHEN EXISTS (
              SELECT 1
              FROM [Permissions] AS [p]
              WHERE [p].[Name] = @__name_0) THEN CAST(1 AS bit)
          ELSE CAST(0 AS bit)
      END
dbug: Microsoft.EntityFrameworkCore.Database.Connection[20002]
      Closing connection to database 'AlFalahDb' on server '(localdb)\mssqllocaldb'.
dbug: Microsoft.EntityFrameworkCore.Database.Connection[20003]
      Closed connection to database 'AlFalahDb' on server '(localdb)\mssqllocaldb' (0ms).
dbug: Microsoft.EntityFrameworkCore.Database.Connection[20000]
      Opening connection to database 'AlFalahDb' on server '(localdb)\mssqllocaldb'.
dbug: Microsoft.EntityFrameworkCore.Database.Connection[20001]
      Opened connection to database 'AlFalahDb' on server '(localdb)\mssqllocaldb'.
info: Microsoft.EntityFrameworkCore.Database.Command[20101]
      Executed DbCommand (0ms) [Parameters=[@__name_0='?' (Size = 4000)], CommandType='Text', CommandTimeout='30']
      SELECT CASE
          WHEN EXISTS (
              SELECT 1
              FROM [Permissions] AS [p]
              WHERE [p].[Name] = @__name_0) THEN CAST(1 AS bit)
          ELSE CAST(0 AS bit)
      END
dbug: Microsoft.EntityFrameworkCore.Database.Connection[20002]
      Closing connection to database 'AlFalahDb' on server '(localdb)\mssqllocaldb'.
dbug: Microsoft.EntityFrameworkCore.Database.Connection[20003]
      Closed connection to database 'AlFalahDb' on server '(localdb)\mssqllocaldb' (0ms).
dbug: Microsoft.EntityFrameworkCore.Database.Connection[20000]
      Opening connection to database 'AlFalahDb' on server '(localdb)\mssqllocaldb'.
dbug: Microsoft.EntityFrameworkCore.Database.Connection[20001]
      Opened connection to database 'AlFalahDb' on server '(localdb)\mssqllocaldb'.
info: Microsoft.EntityFrameworkCore.Database.Command[20101]
      Executed DbCommand (0ms) [Parameters=[@__name_0='?' (Size = 4000)], CommandType='Text', CommandTimeout='30']
      SELECT CASE
          WHEN EXISTS (
              SELECT 1
              FROM [Permissions] AS [p]
              WHERE [p].[Name] = @__name_0) THEN CAST(1 AS bit)
          ELSE CAST(0 AS bit)
      END
dbug: Microsoft.EntityFrameworkCore.Database.Connection[20002]
      Closing connection to database 'AlFalahDb' on server '(localdb)\mssqllocaldb'.
dbug: Microsoft.EntityFrameworkCore.Database.Connection[20003]
      Closed connection to database 'AlFalahDb' on server '(localdb)\mssqllocaldb' (0ms).
dbug: Microsoft.EntityFrameworkCore.Database.Connection[20000]
      Opening connection to database 'AlFalahDb' on server '(localdb)\mssqllocaldb'.
dbug: Microsoft.EntityFrameworkCore.Database.Connection[20001]
      Opened connection to database 'AlFalahDb' on server '(localdb)\mssqllocaldb'.
info: Microsoft.EntityFrameworkCore.Database.Command[20101]
      Executed DbCommand (0ms) [Parameters=[@__name_0='?' (Size = 4000)], CommandType='Text', CommandTimeout='30']
      SELECT CASE
          WHEN EXISTS (
              SELECT 1
              FROM [Permissions] AS [p]
              WHERE [p].[Name] = @__name_0) THEN CAST(1 AS bit)
          ELSE CAST(0 AS bit)
      END
dbug: Microsoft.EntityFrameworkCore.Database.Connection[20002]
      Closing connection to database 'AlFalahDb' on server '(localdb)\mssqllocaldb'.
dbug: Microsoft.EntityFrameworkCore.Database.Connection[20003]
      Closed connection to database 'AlFalahDb' on server '(localdb)\mssqllocaldb' (0ms).
dbug: Microsoft.EntityFrameworkCore.Database.Connection[20000]
      Opening connection to database 'AlFalahDb' on server '(localdb)\mssqllocaldb'.
dbug: Microsoft.EntityFrameworkCore.Database.Connection[20001]
      Opened connection to database 'AlFalahDb' on server '(localdb)\mssqllocaldb'.
info: Microsoft.EntityFrameworkCore.Database.Command[20101]
      Executed DbCommand (0ms) [Parameters=[@__name_0='?' (Size = 4000)], CommandType='Text', CommandTimeout='30']
      SELECT CASE
          WHEN EXISTS (
              SELECT 1
              FROM [Permissions] AS [p]
              WHERE [p].[Name] = @__name_0) THEN CAST(1 AS bit)
          ELSE CAST(0 AS bit)
      END
dbug: Microsoft.EntityFrameworkCore.Database.Connection[20002]
      Closing connection to database 'AlFalahDb' on server '(localdb)\mssqllocaldb'.
dbug: Microsoft.EntityFrameworkCore.Database.Connection[20003]
      Closed connection to database 'AlFalahDb' on server '(localdb)\mssqllocaldb' (0ms).
dbug: Microsoft.EntityFrameworkCore.Database.Connection[20000]
      Opening connection to database 'AlFalahDb' on server '(localdb)\mssqllocaldb'.
dbug: Microsoft.EntityFrameworkCore.Database.Connection[20001]
      Opened connection to database 'AlFalahDb' on server '(localdb)\mssqllocaldb'.
info: Microsoft.EntityFrameworkCore.Database.Command[20101]
      Executed DbCommand (0ms) [Parameters=[@__name_0='?' (Size = 4000)], CommandType='Text', CommandTimeout='30']
      SELECT CASE
          WHEN EXISTS (
              SELECT 1
              FROM [Permissions] AS [p]
              WHERE [p].[Name] = @__name_0) THEN CAST(1 AS bit)
          ELSE CAST(0 AS bit)
      END
dbug: Microsoft.EntityFrameworkCore.Database.Connection[20002]
      Closing connection to database 'AlFalahDb' on server '(localdb)\mssqllocaldb'.
dbug: Microsoft.EntityFrameworkCore.Database.Connection[20003]
      Closed connection to database 'AlFalahDb' on server '(localdb)\mssqllocaldb' (0ms).
dbug: Microsoft.EntityFrameworkCore.Database.Connection[20000]
      Opening connection to database 'AlFalahDb' on server '(localdb)\mssqllocaldb'.
dbug: Microsoft.EntityFrameworkCore.Database.Connection[20001]
      Opened connection to database 'AlFalahDb' on server '(localdb)\mssqllocaldb'.
info: Microsoft.EntityFrameworkCore.Database.Command[20101]
      Executed DbCommand (0ms) [Parameters=[@__name_0='?' (Size = 4000)], CommandType='Text', CommandTimeout='30']
      SELECT CASE
          WHEN EXISTS (
              SELECT 1
              FROM [Permissions] AS [p]
              WHERE [p].[Name] = @__name_0) THEN CAST(1 AS bit)
          ELSE CAST(0 AS bit)
      END
dbug: Microsoft.EntityFrameworkCore.Database.Connection[20002]
      Closing connection to database 'AlFalahDb' on server '(localdb)\mssqllocaldb'.
dbug: Microsoft.EntityFrameworkCore.Database.Connection[20003]
      Closed connection to database 'AlFalahDb' on server '(localdb)\mssqllocaldb' (0ms).
dbug: Microsoft.EntityFrameworkCore.Database.Connection[20000]
      Opening connection to database 'AlFalahDb' on server '(localdb)\mssqllocaldb'.
dbug: Microsoft.EntityFrameworkCore.Database.Connection[20001]
      Opened connection to database 'AlFalahDb' on server '(localdb)\mssqllocaldb'.
info: Microsoft.EntityFrameworkCore.Database.Command[20101]
      Executed DbCommand (0ms) [Parameters=[@__name_0='?' (Size = 4000)], CommandType='Text', CommandTimeout='30']
      SELECT CASE
          WHEN EXISTS (
              SELECT 1
              FROM [Permissions] AS [p]
              WHERE [p].[Name] = @__name_0) THEN CAST(1 AS bit)
          ELSE CAST(0 AS bit)
      END
dbug: Microsoft.EntityFrameworkCore.Database.Connection[20002]
      Closing connection to database 'AlFalahDb' on server '(localdb)\mssqllocaldb'.
dbug: Microsoft.EntityFrameworkCore.Database.Connection[20003]
      Closed connection to database 'AlFalahDb' on server '(localdb)\mssqllocaldb' (0ms).
dbug: Microsoft.EntityFrameworkCore.Database.Connection[20000]
      Opening connection to database 'AlFalahDb' on server '(localdb)\mssqllocaldb'.
dbug: Microsoft.EntityFrameworkCore.Database.Connection[20001]
      Opened connection to database 'AlFalahDb' on server '(localdb)\mssqllocaldb'.
info: Microsoft.EntityFrameworkCore.Database.Command[20101]
      Executed DbCommand (0ms) [Parameters=[@__name_0='?' (Size = 4000)], CommandType='Text', CommandTimeout='30']
      SELECT CASE
          WHEN EXISTS (
              SELECT 1
              FROM [Permissions] AS [p]
              WHERE [p].[Name] = @__name_0) THEN CAST(1 AS bit)
          ELSE CAST(0 AS bit)
      END
dbug: Microsoft.EntityFrameworkCore.Database.Connection[20002]
      Closing connection to database 'AlFalahDb' on server '(localdb)\mssqllocaldb'.
dbug: Microsoft.EntityFrameworkCore.Database.Connection[20003]
      Closed connection to database 'AlFalahDb' on server '(localdb)\mssqllocaldb' (0ms).
dbug: Microsoft.EntityFrameworkCore.Database.Connection[20000]
      Opening connection to database 'AlFalahDb' on server '(localdb)\mssqllocaldb'.
dbug: Microsoft.EntityFrameworkCore.Database.Connection[20001]
      Opened connection to database 'AlFalahDb' on server '(localdb)\mssqllocaldb'.
info: Microsoft.EntityFrameworkCore.Database.Command[20101]
      Executed DbCommand (0ms) [Parameters=[@__name_0='?' (Size = 4000)], CommandType='Text', CommandTimeout='30']
      SELECT CASE
          WHEN EXISTS (
              SELECT 1
              FROM [Permissions] AS [p]
              WHERE [p].[Name] = @__name_0) THEN CAST(1 AS bit)
          ELSE CAST(0 AS bit)
      END
dbug: Microsoft.EntityFrameworkCore.Database.Connection[20002]
      Closing connection to database 'AlFalahDb' on server '(localdb)\mssqllocaldb'.
dbug: Microsoft.EntityFrameworkCore.Database.Connection[20003]
      Closed connection to database 'AlFalahDb' on server '(localdb)\mssqllocaldb' (0ms).
dbug: Microsoft.EntityFrameworkCore.Database.Connection[20000]
      Opening connection to database 'AlFalahDb' on server '(localdb)\mssqllocaldb'.
dbug: Microsoft.EntityFrameworkCore.Database.Connection[20001]
      Opened connection to database 'AlFalahDb' on server '(localdb)\mssqllocaldb'.
info: Microsoft.EntityFrameworkCore.Database.Command[20101]
      Executed DbCommand (0ms) [Parameters=[@__name_0='?' (Size = 4000)], CommandType='Text', CommandTimeout='30']
      SELECT CASE
          WHEN EXISTS (
              SELECT 1
              FROM [Permissions] AS [p]
              WHERE [p].[Name] = @__name_0) THEN CAST(1 AS bit)
          ELSE CAST(0 AS bit)
      END
dbug: Microsoft.EntityFrameworkCore.Database.Connection[20002]
      Closing connection to database 'AlFalahDb' on server '(localdb)\mssqllocaldb'.
dbug: Microsoft.EntityFrameworkCore.Database.Connection[20003]
      Closed connection to database 'AlFalahDb' on server '(localdb)\mssqllocaldb' (0ms).
dbug: Microsoft.EntityFrameworkCore.Database.Connection[20000]
      Opening connection to database 'AlFalahDb' on server '(localdb)\mssqllocaldb'.
dbug: Microsoft.EntityFrameworkCore.Database.Connection[20001]
      Opened connection to database 'AlFalahDb' on server '(localdb)\mssqllocaldb'.
info: Microsoft.EntityFrameworkCore.Database.Command[20101]
      Executed DbCommand (0ms) [Parameters=[@__name_0='?' (Size = 4000)], CommandType='Text', CommandTimeout='30']
      SELECT CASE
          WHEN EXISTS (
              SELECT 1
              FROM [Permissions] AS [p]
              WHERE [p].[Name] = @__name_0) THEN CAST(1 AS bit)
          ELSE CAST(0 AS bit)
      END
dbug: Microsoft.EntityFrameworkCore.Database.Connection[20002]
      Closing connection to database 'AlFalahDb' on server '(localdb)\mssqllocaldb'.
dbug: Microsoft.EntityFrameworkCore.Database.Connection[20003]
      Closed connection to database 'AlFalahDb' on server '(localdb)\mssqllocaldb' (0ms).
dbug: Microsoft.EntityFrameworkCore.Database.Connection[20000]
      Opening connection to database 'AlFalahDb' on server '(localdb)\mssqllocaldb'.
dbug: Microsoft.EntityFrameworkCore.Database.Connection[20001]
      Opened connection to database 'AlFalahDb' on server '(localdb)\mssqllocaldb'.
info: Microsoft.EntityFrameworkCore.Database.Command[20101]
      Executed DbCommand (0ms) [Parameters=[@__name_0='?' (Size = 4000)], CommandType='Text', CommandTimeout='30']
      SELECT CASE
          WHEN EXISTS (
              SELECT 1
              FROM [Permissions] AS [p]
              WHERE [p].[Name] = @__name_0) THEN CAST(1 AS bit)
          ELSE CAST(0 AS bit)
      END
dbug: Microsoft.EntityFrameworkCore.Database.Connection[20002]
      Closing connection to database 'AlFalahDb' on server '(localdb)\mssqllocaldb'.
dbug: Microsoft.EntityFrameworkCore.Database.Connection[20003]
      Closed connection to database 'AlFalahDb' on server '(localdb)\mssqllocaldb' (0ms).
dbug: Microsoft.EntityFrameworkCore.Database.Connection[20000]
      Opening connection to database 'AlFalahDb' on server '(localdb)\mssqllocaldb'.
dbug: Microsoft.EntityFrameworkCore.Database.Connection[20001]
      Opened connection to database 'AlFalahDb' on server '(localdb)\mssqllocaldb'.
info: Microsoft.EntityFrameworkCore.Database.Command[20101]
      Executed DbCommand (0ms) [Parameters=[@__name_0='?' (Size = 4000)], CommandType='Text', CommandTimeout='30']
      SELECT CASE
          WHEN EXISTS (
              SELECT 1
              FROM [Permissions] AS [p]
              WHERE [p].[Name] = @__name_0) THEN CAST(1 AS bit)
          ELSE CAST(0 AS bit)
      END
dbug: Microsoft.EntityFrameworkCore.Database.Connection[20002]
      Closing connection to database 'AlFalahDb' on server '(localdb)\mssqllocaldb'.
dbug: Microsoft.EntityFrameworkCore.Database.Connection[20003]
      Closed connection to database 'AlFalahDb' on server '(localdb)\mssqllocaldb' (0ms).
dbug: Microsoft.EntityFrameworkCore.Database.Connection[20000]
      Opening connection to database 'AlFalahDb' on server '(localdb)\mssqllocaldb'.
dbug: Microsoft.EntityFrameworkCore.Database.Connection[20001]
      Opened connection to database 'AlFalahDb' on server '(localdb)\mssqllocaldb'.
info: Microsoft.EntityFrameworkCore.Database.Command[20101]
      Executed DbCommand (0ms) [Parameters=[@__name_0='?' (Size = 4000)], CommandType='Text', CommandTimeout='30']
      SELECT CASE
          WHEN EXISTS (
              SELECT 1
              FROM [Permissions] AS [p]
              WHERE [p].[Name] = @__name_0) THEN CAST(1 AS bit)
          ELSE CAST(0 AS bit)
      END
dbug: Microsoft.EntityFrameworkCore.Database.Connection[20002]
      Closing connection to database 'AlFalahDb' on server '(localdb)\mssqllocaldb'.
dbug: Microsoft.EntityFrameworkCore.Database.Connection[20003]
      Closed connection to database 'AlFalahDb' on server '(localdb)\mssqllocaldb' (0ms).
dbug: Microsoft.EntityFrameworkCore.Database.Connection[20000]
      Opening connection to database 'AlFalahDb' on server '(localdb)\mssqllocaldb'.
dbug: Microsoft.EntityFrameworkCore.Database.Connection[20001]
      Opened connection to database 'AlFalahDb' on server '(localdb)\mssqllocaldb'.
info: Microsoft.EntityFrameworkCore.Database.Command[20101]
      Executed DbCommand (0ms) [Parameters=[@__name_0='?' (Size = 4000)], CommandType='Text', CommandTimeout='30']
      SELECT CASE
          WHEN EXISTS (
              SELECT 1
              FROM [Permissions] AS [p]
              WHERE [p].[Name] = @__name_0) THEN CAST(1 AS bit)
          ELSE CAST(0 AS bit)
      END
dbug: Microsoft.EntityFrameworkCore.Database.Connection[20002]
      Closing connection to database 'AlFalahDb' on server '(localdb)\mssqllocaldb'.
dbug: Microsoft.EntityFrameworkCore.Database.Connection[20003]
      Closed connection to database 'AlFalahDb' on server '(localdb)\mssqllocaldb' (0ms).
dbug: Microsoft.EntityFrameworkCore.Database.Connection[20000]
      Opening connection to database 'AlFalahDb' on server '(localdb)\mssqllocaldb'.
dbug: Microsoft.EntityFrameworkCore.Database.Connection[20001]
      Opened connection to database 'AlFalahDb' on server '(localdb)\mssqllocaldb'.
info: Microsoft.EntityFrameworkCore.Database.Command[20101]
      Executed DbCommand (0ms) [Parameters=[@__name_0='?' (Size = 4000)], CommandType='Text', CommandTimeout='30']
      SELECT CASE
          WHEN EXISTS (
              SELECT 1
              FROM [Permissions] AS [p]
              WHERE [p].[Name] = @__name_0) THEN CAST(1 AS bit)
          ELSE CAST(0 AS bit)
      END
dbug: Microsoft.EntityFrameworkCore.Database.Connection[20002]
      Closing connection to database 'AlFalahDb' on server '(localdb)\mssqllocaldb'.
dbug: Microsoft.EntityFrameworkCore.Database.Connection[20003]
      Closed connection to database 'AlFalahDb' on server '(localdb)\mssqllocaldb' (0ms).
dbug: Microsoft.EntityFrameworkCore.Database.Connection[20000]
      Opening connection to database 'AlFalahDb' on server '(localdb)\mssqllocaldb'.
dbug: Microsoft.EntityFrameworkCore.Database.Connection[20001]
      Opened connection to database 'AlFalahDb' on server '(localdb)\mssqllocaldb'.
info: Microsoft.EntityFrameworkCore.Database.Command[20101]
      Executed DbCommand (0ms) [Parameters=[@__name_0='?' (Size = 4000)], CommandType='Text', CommandTimeout='30']
      SELECT CASE
          WHEN EXISTS (
              SELECT 1
              FROM [Permissions] AS [p]
              WHERE [p].[Name] = @__name_0) THEN CAST(1 AS bit)
          ELSE CAST(0 AS bit)
      END
dbug: Microsoft.EntityFrameworkCore.Database.Connection[20002]
      Closing connection to database 'AlFalahDb' on server '(localdb)\mssqllocaldb'.
dbug: Microsoft.EntityFrameworkCore.Database.Connection[20003]
      Closed connection to database 'AlFalahDb' on server '(localdb)\mssqllocaldb' (0ms).
dbug: Microsoft.EntityFrameworkCore.Database.Connection[20000]
      Opening connection to database 'AlFalahDb' on server '(localdb)\mssqllocaldb'.
dbug: Microsoft.EntityFrameworkCore.Database.Connection[20001]
      Opened connection to database 'AlFalahDb' on server '(localdb)\mssqllocaldb'.
info: Microsoft.EntityFrameworkCore.Database.Command[20101]
      Executed DbCommand (0ms) [Parameters=[@__name_0='?' (Size = 4000)], CommandType='Text', CommandTimeout='30']
      SELECT CASE
          WHEN EXISTS (
              SELECT 1
              FROM [Permissions] AS [p]
              WHERE [p].[Name] = @__name_0) THEN CAST(1 AS bit)
          ELSE CAST(0 AS bit)
      END
dbug: Microsoft.EntityFrameworkCore.Database.Connection[20002]
      Closing connection to database 'AlFalahDb' on server '(localdb)\mssqllocaldb'.
dbug: Microsoft.EntityFrameworkCore.Database.Connection[20003]
      Closed connection to database 'AlFalahDb' on server '(localdb)\mssqllocaldb' (0ms).
dbug: Microsoft.EntityFrameworkCore.Database.Connection[20000]
      Opening connection to database 'AlFalahDb' on server '(localdb)\mssqllocaldb'.
dbug: Microsoft.EntityFrameworkCore.Database.Connection[20001]
      Opened connection to database 'AlFalahDb' on server '(localdb)\mssqllocaldb'.
info: Microsoft.EntityFrameworkCore.Database.Command[20101]
      Executed DbCommand (0ms) [Parameters=[@__name_0='?' (Size = 4000)], CommandType='Text', CommandTimeout='30']
      SELECT CASE
          WHEN EXISTS (
              SELECT 1
              FROM [Permissions] AS [p]
              WHERE [p].[Name] = @__name_0) THEN CAST(1 AS bit)
          ELSE CAST(0 AS bit)
      END
dbug: Microsoft.EntityFrameworkCore.Database.Connection[20002]
      Closing connection to database 'AlFalahDb' on server '(localdb)\mssqllocaldb'.
dbug: Microsoft.EntityFrameworkCore.Database.Connection[20003]
      Closed connection to database 'AlFalahDb' on server '(localdb)\mssqllocaldb' (0ms).
dbug: Microsoft.EntityFrameworkCore.Database.Connection[20000]
      Opening connection to database 'AlFalahDb' on server '(localdb)\mssqllocaldb'.
dbug: Microsoft.EntityFrameworkCore.Database.Connection[20001]
      Opened connection to database 'AlFalahDb' on server '(localdb)\mssqllocaldb'.
info: Microsoft.EntityFrameworkCore.Database.Command[20101]
      Executed DbCommand (0ms) [Parameters=[@__name_0='?' (Size = 4000)], CommandType='Text', CommandTimeout='30']
      SELECT CASE
          WHEN EXISTS (
              SELECT 1
              FROM [Permissions] AS [p]
              WHERE [p].[Name] = @__name_0) THEN CAST(1 AS bit)
          ELSE CAST(0 AS bit)
      END
dbug: Microsoft.EntityFrameworkCore.Database.Connection[20002]
      Closing connection to database 'AlFalahDb' on server '(localdb)\mssqllocaldb'.
dbug: Microsoft.EntityFrameworkCore.Database.Connection[20003]
      Closed connection to database 'AlFalahDb' on server '(localdb)\mssqllocaldb' (0ms).
dbug: Microsoft.EntityFrameworkCore.Database.Connection[20000]
      Opening connection to database 'AlFalahDb' on server '(localdb)\mssqllocaldb'.
dbug: Microsoft.EntityFrameworkCore.Database.Connection[20001]
      Opened connection to database 'AlFalahDb' on server '(localdb)\mssqllocaldb'.
info: Microsoft.EntityFrameworkCore.Database.Command[20101]
      Executed DbCommand (0ms) [Parameters=[@__name_0='?' (Size = 4000)], CommandType='Text', CommandTimeout='30']
      SELECT CASE
          WHEN EXISTS (
              SELECT 1
              FROM [Permissions] AS [p]
              WHERE [p].[Name] = @__name_0) THEN CAST(1 AS bit)
          ELSE CAST(0 AS bit)
      END
dbug: Microsoft.EntityFrameworkCore.Database.Connection[20002]
      Closing connection to database 'AlFalahDb' on server '(localdb)\mssqllocaldb'.
dbug: Microsoft.EntityFrameworkCore.Database.Connection[20003]
      Closed connection to database 'AlFalahDb' on server '(localdb)\mssqllocaldb' (0ms).
dbug: Microsoft.EntityFrameworkCore.Database.Connection[20000]
      Opening connection to database 'AlFalahDb' on server '(localdb)\mssqllocaldb'.
dbug: Microsoft.EntityFrameworkCore.Database.Connection[20001]
      Opened connection to database 'AlFalahDb' on server '(localdb)\mssqllocaldb'.
info: Microsoft.EntityFrameworkCore.Database.Command[20101]
      Executed DbCommand (0ms) [Parameters=[@__name_0='?' (Size = 4000)], CommandType='Text', CommandTimeout='30']
      SELECT CASE
          WHEN EXISTS (
              SELECT 1
              FROM [Permissions] AS [p]
              WHERE [p].[Name] = @__name_0) THEN CAST(1 AS bit)
          ELSE CAST(0 AS bit)
      END
dbug: Microsoft.EntityFrameworkCore.Database.Connection[20002]
      Closing connection to database 'AlFalahDb' on server '(localdb)\mssqllocaldb'.
dbug: Microsoft.EntityFrameworkCore.Database.Connection[20003]
      Closed connection to database 'AlFalahDb' on server '(localdb)\mssqllocaldb' (0ms).
dbug: Microsoft.EntityFrameworkCore.Database.Connection[20000]
      Opening connection to database 'AlFalahDb' on server '(localdb)\mssqllocaldb'.
dbug: Microsoft.EntityFrameworkCore.Database.Connection[20001]
      Opened connection to database 'AlFalahDb' on server '(localdb)\mssqllocaldb'.
info: Microsoft.EntityFrameworkCore.Database.Command[20101]
      Executed DbCommand (0ms) [Parameters=[@__name_0='?' (Size = 4000)], CommandType='Text', CommandTimeout='30']
      SELECT CASE
          WHEN EXISTS (
              SELECT 1
              FROM [Permissions] AS [p]
              WHERE [p].[Name] = @__name_0) THEN CAST(1 AS bit)
          ELSE CAST(0 AS bit)
      END
dbug: Microsoft.EntityFrameworkCore.Database.Connection[20002]
      Closing connection to database 'AlFalahDb' on server '(localdb)\mssqllocaldb'.
dbug: Microsoft.EntityFrameworkCore.Database.Connection[20003]
      Closed connection to database 'AlFalahDb' on server '(localdb)\mssqllocaldb' (0ms).
dbug: Microsoft.EntityFrameworkCore.Database.Connection[20000]
      Opening connection to database 'AlFalahDb' on server '(localdb)\mssqllocaldb'.
dbug: Microsoft.EntityFrameworkCore.Database.Connection[20001]
      Opened connection to database 'AlFalahDb' on server '(localdb)\mssqllocaldb'.
info: Microsoft.EntityFrameworkCore.Database.Command[20101]
      Executed DbCommand (0ms) [Parameters=[@__name_0='?' (Size = 4000)], CommandType='Text', CommandTimeout='30']
      SELECT CASE
          WHEN EXISTS (
              SELECT 1
              FROM [Permissions] AS [p]
              WHERE [p].[Name] = @__name_0) THEN CAST(1 AS bit)
          ELSE CAST(0 AS bit)
      END
dbug: Microsoft.EntityFrameworkCore.Database.Connection[20002]
      Closing connection to database 'AlFalahDb' on server '(localdb)\mssqllocaldb'.
dbug: Microsoft.EntityFrameworkCore.Database.Connection[20003]
      Closed connection to database 'AlFalahDb' on server '(localdb)\mssqllocaldb' (0ms).
dbug: Microsoft.EntityFrameworkCore.Database.Connection[20000]
      Opening connection to database 'AlFalahDb' on server '(localdb)\mssqllocaldb'.
dbug: Microsoft.EntityFrameworkCore.Database.Connection[20001]
      Opened connection to database 'AlFalahDb' on server '(localdb)\mssqllocaldb'.
info: Microsoft.EntityFrameworkCore.Database.Command[20101]
      Executed DbCommand (1ms) [Parameters=[@__name_0='?' (Size = 4000)], CommandType='Text', CommandTimeout='30']
      SELECT CASE
          WHEN EXISTS (
              SELECT 1
              FROM [Permissions] AS [p]
              WHERE [p].[Name] = @__name_0) THEN CAST(1 AS bit)
          ELSE CAST(0 AS bit)
      END
dbug: Microsoft.EntityFrameworkCore.Database.Connection[20002]
      Closing connection to database 'AlFalahDb' on server '(localdb)\mssqllocaldb'.
dbug: Microsoft.EntityFrameworkCore.Database.Connection[20003]
      Closed connection to database 'AlFalahDb' on server '(localdb)\mssqllocaldb' (0ms).
dbug: Microsoft.EntityFrameworkCore.ChangeTracking[10800]
      DetectChanges starting for 'AlFalahDbContext'.
dbug: Microsoft.EntityFrameworkCore.ChangeTracking[10801]
      DetectChanges completed for 'AlFalahDbContext'.
dbug: Microsoft.EntityFrameworkCore.Update[10004]
      SaveChanges starting for 'AlFalahDbContext'.
dbug: Microsoft.EntityFrameworkCore.ChangeTracking[10800]
      DetectChanges starting for 'AlFalahDbContext'.
dbug: Microsoft.EntityFrameworkCore.ChangeTracking[10801]
      DetectChanges completed for 'AlFalahDbContext'.
dbug: Microsoft.EntityFrameworkCore.Update[10005]
      SaveChanges completed for 'AlFalahDbContext' with 0 entities written to the database.
info: AlFalah.Infrastructure.Data.Seeders.DatabaseSeeder[0]
      Permissions seeded.
dbug: Microsoft.EntityFrameworkCore.Database.Connection[20000]
      Opening connection to database 'AlFalahDb' on server '(localdb)\mssqllocaldb'.
dbug: Microsoft.EntityFrameworkCore.Database.Connection[20001]
      Opened connection to database 'AlFalahDb' on server '(localdb)\mssqllocaldb'.
info: Microsoft.EntityFrameworkCore.Database.Command[20101]
      Executed DbCommand (0ms) [Parameters=[@__normalizedName_0='?' (Size = 256)], CommandType='Text', CommandTimeout='30']
      SELECT TOP(1) [r].[Id], [r].[ConcurrencyStamp], [r].[CreatedAt], [r].[DescriptionAr], [r].[DescriptionEn], [r].[IsActive], [r].[Name], [r].[NormalizedName]
      FROM [Roles] AS [r]
      WHERE [r].[NormalizedName] = @__normalizedName_0
dbug: Microsoft.EntityFrameworkCore.Database.Connection[20002]
      Closing connection to database 'AlFalahDb' on server '(localdb)\mssqllocaldb'.
dbug: Microsoft.EntityFrameworkCore.Database.Connection[20003]
      Closed connection to database 'AlFalahDb' on server '(localdb)\mssqllocaldb' (0ms).
dbug: Microsoft.EntityFrameworkCore.Query[10111]
      Compiling query expression: 
      'DbSet<Permission>()
          .FirstOrDefault(p => p.Name == __permName_0)'
dbug: Microsoft.EntityFrameworkCore.Query[10107]
      Generated query execution expression: 
      'queryContext => ShapedQueryCompilingExpressionVisitor.SingleOrDefaultAsync<Permission>(
          asyncEnumerable: new SingleQueryingEnumerable<Permission>(
              (RelationalQueryContext)queryContext, 
              RelationalCommandCache.QueryExpression(
                  Projection Mapping:
                      EmptyProjectionMember -> Dictionary<IProperty, int> { [Property: Permission.Id (int) Required PK AfterSave:Throw ValueGenerated.OnAdd, 0], [Property: Permission.CreatedAt (DateTimeOffset) Required, 1], [Property: Permission.DescriptionAr (string) MaxLength(500), 2], [Property: Permission.DescriptionEn (string), 3], [Property: Permission.Group (string), 4], [Property: Permission.Name (string) Required, 5] }
                  SELECT TOP(1) p.Id, p.CreatedAt, p.DescriptionAr, p.DescriptionEn, p.Group, p.Name
                  FROM Permissions AS p
                  WHERE p.Name == @__permName_0), 
              null, 
              Func<QueryContext, DbDataReader, ResultContext, SingleQueryResultCoordinator, Permission>, 
              AlFalah.Infrastructure.Data.AlFalahDbContext, 
              False, 
              False, 
              True
          ), 
          cancellationToken: queryContext.CancellationToken)'
dbug: Microsoft.EntityFrameworkCore.Database.Connection[20000]
      Opening connection to database 'AlFalahDb' on server '(localdb)\mssqllocaldb'.
dbug: Microsoft.EntityFrameworkCore.Database.Connection[20001]
      Opened connection to database 'AlFalahDb' on server '(localdb)\mssqllocaldb'.
info: Microsoft.EntityFrameworkCore.Database.Command[20101]
      Executed DbCommand (1ms) [Parameters=[@__permName_0='?' (Size = 4000)], CommandType='Text', CommandTimeout='30']
      SELECT TOP(1) [p].[Id], [p].[CreatedAt], [p].[DescriptionAr], [p].[DescriptionEn], [p].[Group], [p].[Name]
      FROM [Permissions] AS [p]
      WHERE [p].[Name] = @__permName_0
dbug: Microsoft.EntityFrameworkCore.ChangeTracking[10806]
      Context 'AlFalahDbContext' started tracking 'Permission' entity. Consider using 'DbContextOptionsBuilder.EnableSensitiveDataLogging' to see key values.
dbug: Microsoft.EntityFrameworkCore.Database.Connection[20002]
      Closing connection to database 'AlFalahDb' on server '(localdb)\mssqllocaldb'.
dbug: Microsoft.EntityFrameworkCore.Database.Connection[20003]
      Closed connection to database 'AlFalahDb' on server '(localdb)\mssqllocaldb' (0ms).
dbug: Microsoft.EntityFrameworkCore.Database.Connection[20000]
      Opening connection to database 'AlFalahDb' on server '(localdb)\mssqllocaldb'.
dbug: Microsoft.EntityFrameworkCore.Database.Connection[20001]
      Opened connection to database 'AlFalahDb' on server '(localdb)\mssqllocaldb'.
info: Microsoft.EntityFrameworkCore.Database.Command[20101]
      Executed DbCommand (0ms) [Parameters=[@__permName_0='?' (Size = 4000)], CommandType='Text', CommandTimeout='30']
      SELECT TOP(1) [p].[Id], [p].[CreatedAt], [p].[DescriptionAr], [p].[DescriptionEn], [p].[Group], [p].[Name]
      FROM [Permissions] AS [p]
      WHERE [p].[Name] = @__permName_0
dbug: Microsoft.EntityFrameworkCore.ChangeTracking[10806]
      Context 'AlFalahDbContext' started tracking 'Permission' entity. Consider using 'DbContextOptionsBuilder.EnableSensitiveDataLogging' to see key values.
dbug: Microsoft.EntityFrameworkCore.Database.Connection[20002]
      Closing connection to database 'AlFalahDb' on server '(localdb)\mssqllocaldb'.
dbug: Microsoft.EntityFrameworkCore.Database.Connection[20003]
      Closed connection to database 'AlFalahDb' on server '(localdb)\mssqllocaldb' (0ms).
dbug: Microsoft.EntityFrameworkCore.Database.Connection[20000]
      Opening connection to database 'AlFalahDb' on server '(localdb)\mssqllocaldb'.
dbug: Microsoft.EntityFrameworkCore.Database.Connection[20001]
      Opened connection to database 'AlFalahDb' on server '(localdb)\mssqllocaldb'.
info: Microsoft.EntityFrameworkCore.Database.Command[20101]
      Executed DbCommand (0ms) [Parameters=[@__permName_0='?' (Size = 4000)], CommandType='Text', CommandTimeout='30']
      SELECT TOP(1) [p].[Id], [p].[CreatedAt], [p].[DescriptionAr], [p].[DescriptionEn], [p].[Group], [p].[Name]
      FROM [Permissions] AS [p]
      WHERE [p].[Name] = @__permName_0
dbug: Microsoft.EntityFrameworkCore.ChangeTracking[10806]
      Context 'AlFalahDbContext' started tracking 'Permission' entity. Consider using 'DbContextOptionsBuilder.EnableSensitiveDataLogging' to see key values.
dbug: Microsoft.EntityFrameworkCore.Database.Connection[20002]
      Closing connection to database 'AlFalahDb' on server '(localdb)\mssqllocaldb'.
dbug: Microsoft.EntityFrameworkCore.Database.Connection[20003]
      Closed connection to database 'AlFalahDb' on server '(localdb)\mssqllocaldb' (0ms).
dbug: Microsoft.EntityFrameworkCore.Database.Connection[20000]
      Opening connection to database 'AlFalahDb' on server '(localdb)\mssqllocaldb'.
dbug: Microsoft.EntityFrameworkCore.Database.Connection[20001]
      Opened connection to database 'AlFalahDb' on server '(localdb)\mssqllocaldb'.
info: Microsoft.EntityFrameworkCore.Database.Command[20101]
      Executed DbCommand (0ms) [Parameters=[@__permName_0='?' (Size = 4000)], CommandType='Text', CommandTimeout='30']
      SELECT TOP(1) [p].[Id], [p].[CreatedAt], [p].[DescriptionAr], [p].[DescriptionEn], [p].[Group], [p].[Name]
      FROM [Permissions] AS [p]
      WHERE [p].[Name] = @__permName_0
dbug: Microsoft.EntityFrameworkCore.ChangeTracking[10806]
      Context 'AlFalahDbContext' started tracking 'Permission' entity. Consider using 'DbContextOptionsBuilder.EnableSensitiveDataLogging' to see key values.
dbug: Microsoft.EntityFrameworkCore.Database.Connection[20002]
      Closing connection to database 'AlFalahDb' on server '(localdb)\mssqllocaldb'.
dbug: Microsoft.EntityFrameworkCore.Database.Connection[20003]
      Closed connection to database 'AlFalahDb' on server '(localdb)\mssqllocaldb' (0ms).
dbug: Microsoft.EntityFrameworkCore.Database.Connection[20000]
      Opening connection to database 'AlFalahDb' on server '(localdb)\mssqllocaldb'.
dbug: Microsoft.EntityFrameworkCore.Database.Connection[20001]
      Opened connection to database 'AlFalahDb' on server '(localdb)\mssqllocaldb'.
info: Microsoft.EntityFrameworkCore.Database.Command[20101]
      Executed DbCommand (0ms) [Parameters=[@__permName_0='?' (Size = 4000)], CommandType='Text', CommandTimeout='30']
      SELECT TOP(1) [p].[Id], [p].[CreatedAt], [p].[DescriptionAr], [p].[DescriptionEn], [p].[Group], [p].[Name]
      FROM [Permissions] AS [p]
      WHERE [p].[Name] = @__permName_0
dbug: Microsoft.EntityFrameworkCore.ChangeTracking[10806]
      Context 'AlFalahDbContext' started tracking 'Permission' entity. Consider using 'DbContextOptionsBuilder.EnableSensitiveDataLogging' to see key values.
dbug: Microsoft.EntityFrameworkCore.Database.Connection[20002]
      Closing connection to database 'AlFalahDb' on server '(localdb)\mssqllocaldb'.
dbug: Microsoft.EntityFrameworkCore.Database.Connection[20003]
      Closed connection to database 'AlFalahDb' on server '(localdb)\mssqllocaldb' (0ms).
dbug: Microsoft.EntityFrameworkCore.Database.Connection[20000]
      Opening connection to database 'AlFalahDb' on server '(localdb)\mssqllocaldb'.
dbug: Microsoft.EntityFrameworkCore.Database.Connection[20001]
      Opened connection to database 'AlFalahDb' on server '(localdb)\mssqllocaldb'.
info: Microsoft.EntityFrameworkCore.Database.Command[20101]
      Executed DbCommand (0ms) [Parameters=[@__permName_0='?' (Size = 4000)], CommandType='Text', CommandTimeout='30']
      SELECT TOP(1) [p].[Id], [p].[CreatedAt], [p].[DescriptionAr], [p].[DescriptionEn], [p].[Group], [p].[Name]
      FROM [Permissions] AS [p]
      WHERE [p].[Name] = @__permName_0
dbug: Microsoft.EntityFrameworkCore.ChangeTracking[10806]
      Context 'AlFalahDbContext' started tracking 'Permission' entity. Consider using 'DbContextOptionsBuilder.EnableSensitiveDataLogging' to see key values.
dbug: Microsoft.EntityFrameworkCore.Database.Connection[20002]
      Closing connection to database 'AlFalahDb' on server '(localdb)\mssqllocaldb'.
dbug: Microsoft.EntityFrameworkCore.Database.Connection[20003]
      Closed connection to database 'AlFalahDb' on server '(localdb)\mssqllocaldb' (0ms).
dbug: Microsoft.EntityFrameworkCore.Database.Connection[20000]
      Opening connection to database 'AlFalahDb' on server '(localdb)\mssqllocaldb'.
dbug: Microsoft.EntityFrameworkCore.Database.Connection[20001]
      Opened connection to database 'AlFalahDb' on server '(localdb)\mssqllocaldb'.
info: Microsoft.EntityFrameworkCore.Database.Command[20101]
      Executed DbCommand (0ms) [Parameters=[@__permName_0='?' (Size = 4000)], CommandType='Text', CommandTimeout='30']
      SELECT TOP(1) [p].[Id], [p].[CreatedAt], [p].[DescriptionAr], [p].[DescriptionEn], [p].[Group], [p].[Name]
      FROM [Permissions] AS [p]
      WHERE [p].[Name] = @__permName_0
dbug: Microsoft.EntityFrameworkCore.ChangeTracking[10806]
      Context 'AlFalahDbContext' started tracking 'Permission' entity. Consider using 'DbContextOptionsBuilder.EnableSensitiveDataLogging' to see key values.
dbug: Microsoft.EntityFrameworkCore.Database.Connection[20002]
      Closing connection to database 'AlFalahDb' on server '(localdb)\mssqllocaldb'.
dbug: Microsoft.EntityFrameworkCore.Database.Connection[20003]
      Closed connection to database 'AlFalahDb' on server '(localdb)\mssqllocaldb' (0ms).
dbug: Microsoft.EntityFrameworkCore.Database.Connection[20000]
      Opening connection to database 'AlFalahDb' on server '(localdb)\mssqllocaldb'.
dbug: Microsoft.EntityFrameworkCore.Database.Connection[20001]
      Opened connection to database 'AlFalahDb' on server '(localdb)\mssqllocaldb'.
info: Microsoft.EntityFrameworkCore.Database.Command[20101]
      Executed DbCommand (0ms) [Parameters=[@__permName_0='?' (Size = 4000)], CommandType='Text', CommandTimeout='30']
      SELECT TOP(1) [p].[Id], [p].[CreatedAt], [p].[DescriptionAr], [p].[DescriptionEn], [p].[Group], [p].[Name]
      FROM [Permissions] AS [p]
      WHERE [p].[Name] = @__permName_0
dbug: Microsoft.EntityFrameworkCore.ChangeTracking[10806]
      Context 'AlFalahDbContext' started tracking 'Permission' entity. Consider using 'DbContextOptionsBuilder.EnableSensitiveDataLogging' to see key values.
dbug: Microsoft.EntityFrameworkCore.Database.Connection[20002]
      Closing connection to database 'AlFalahDb' on server '(localdb)\mssqllocaldb'.
dbug: Microsoft.EntityFrameworkCore.Database.Connection[20003]
      Closed connection to database 'AlFalahDb' on server '(localdb)\mssqllocaldb' (0ms).
dbug: Microsoft.EntityFrameworkCore.Database.Connection[20000]
      Opening connection to database 'AlFalahDb' on server '(localdb)\mssqllocaldb'.
dbug: Microsoft.EntityFrameworkCore.Database.Connection[20001]
      Opened connection to database 'AlFalahDb' on server '(localdb)\mssqllocaldb'.
info: Microsoft.EntityFrameworkCore.Database.Command[20101]
      Executed DbCommand (0ms) [Parameters=[@__permName_0='?' (Size = 4000)], CommandType='Text', CommandTimeout='30']
      SELECT TOP(1) [p].[Id], [p].[CreatedAt], [p].[DescriptionAr], [p].[DescriptionEn], [p].[Group], [p].[Name]
      FROM [Permissions] AS [p]
      WHERE [p].[Name] = @__permName_0
dbug: Microsoft.EntityFrameworkCore.ChangeTracking[10806]
      Context 'AlFalahDbContext' started tracking 'Permission' entity. Consider using 'DbContextOptionsBuilder.EnableSensitiveDataLogging' to see key values.
dbug: Microsoft.EntityFrameworkCore.Database.Connection[20002]
      Closing connection to database 'AlFalahDb' on server '(localdb)\mssqllocaldb'.
dbug: Microsoft.EntityFrameworkCore.Database.Connection[20003]
      Closed connection to database 'AlFalahDb' on server '(localdb)\mssqllocaldb' (0ms).
dbug: Microsoft.EntityFrameworkCore.Database.Connection[20000]
      Opening connection to database 'AlFalahDb' on server '(localdb)\mssqllocaldb'.
dbug: Microsoft.EntityFrameworkCore.Database.Connection[20001]
      Opened connection to database 'AlFalahDb' on server '(localdb)\mssqllocaldb'.
info: Microsoft.EntityFrameworkCore.Database.Command[20101]
      Executed DbCommand (0ms) [Parameters=[@__permName_0='?' (Size = 4000)], CommandType='Text', CommandTimeout='30']
      SELECT TOP(1) [p].[Id], [p].[CreatedAt], [p].[DescriptionAr], [p].[DescriptionEn], [p].[Group], [p].[Name]
      FROM [Permissions] AS [p]
      WHERE [p].[Name] = @__permName_0
dbug: Microsoft.EntityFrameworkCore.ChangeTracking[10806]
      Context 'AlFalahDbContext' started tracking 'Permission' entity. Consider using 'DbContextOptionsBuilder.EnableSensitiveDataLogging' to see key values.
dbug: Microsoft.EntityFrameworkCore.Database.Connection[20002]
      Closing connection to database 'AlFalahDb' on server '(localdb)\mssqllocaldb'.
dbug: Microsoft.EntityFrameworkCore.Database.Connection[20003]
      Closed connection to database 'AlFalahDb' on server '(localdb)\mssqllocaldb' (0ms).
dbug: Microsoft.EntityFrameworkCore.Database.Connection[20000]
      Opening connection to database 'AlFalahDb' on server '(localdb)\mssqllocaldb'.
dbug: Microsoft.EntityFrameworkCore.Database.Connection[20001]
      Opened connection to database 'AlFalahDb' on server '(localdb)\mssqllocaldb'.
info: Microsoft.EntityFrameworkCore.Database.Command[20101]
      Executed DbCommand (0ms) [Parameters=[@__permName_0='?' (Size = 4000)], CommandType='Text', CommandTimeout='30']
      SELECT TOP(1) [p].[Id], [p].[CreatedAt], [p].[DescriptionAr], [p].[DescriptionEn], [p].[Group], [p].[Name]
      FROM [Permissions] AS [p]
      WHERE [p].[Name] = @__permName_0
dbug: Microsoft.EntityFrameworkCore.ChangeTracking[10806]
      Context 'AlFalahDbContext' started tracking 'Permission' entity. Consider using 'DbContextOptionsBuilder.EnableSensitiveDataLogging' to see key values.
dbug: Microsoft.EntityFrameworkCore.Database.Connection[20002]
      Closing connection to database 'AlFalahDb' on server '(localdb)\mssqllocaldb'.
dbug: Microsoft.EntityFrameworkCore.Database.Connection[20003]
      Closed connection to database 'AlFalahDb' on server '(localdb)\mssqllocaldb' (0ms).
dbug: Microsoft.EntityFrameworkCore.Database.Connection[20000]
      Opening connection to database 'AlFalahDb' on server '(localdb)\mssqllocaldb'.
dbug: Microsoft.EntityFrameworkCore.Database.Connection[20001]
      Opened connection to database 'AlFalahDb' on server '(localdb)\mssqllocaldb'.
info: Microsoft.EntityFrameworkCore.Database.Command[20101]
      Executed DbCommand (0ms) [Parameters=[@__permName_0='?' (Size = 4000)], CommandType='Text', CommandTimeout='30']
      SELECT TOP(1) [p].[Id], [p].[CreatedAt], [p].[DescriptionAr], [p].[DescriptionEn], [p].[Group], [p].[Name]
      FROM [Permissions] AS [p]
      WHERE [p].[Name] = @__permName_0
dbug: Microsoft.EntityFrameworkCore.ChangeTracking[10806]
      Context 'AlFalahDbContext' started tracking 'Permission' entity. Consider using 'DbContextOptionsBuilder.EnableSensitiveDataLogging' to see key values.
dbug: Microsoft.EntityFrameworkCore.Database.Connection[20002]
      Closing connection to database 'AlFalahDb' on server '(localdb)\mssqllocaldb'.
dbug: Microsoft.EntityFrameworkCore.Database.Connection[20003]
      Closed connection to database 'AlFalahDb' on server '(localdb)\mssqllocaldb' (0ms).
dbug: Microsoft.EntityFrameworkCore.Database.Connection[20000]
      Opening connection to database 'AlFalahDb' on server '(localdb)\mssqllocaldb'.
dbug: Microsoft.EntityFrameworkCore.Database.Connection[20001]
      Opened connection to database 'AlFalahDb' on server '(localdb)\mssqllocaldb'.
info: Microsoft.EntityFrameworkCore.Database.Command[20101]
      Executed DbCommand (0ms) [Parameters=[@__permName_0='?' (Size = 4000)], CommandType='Text', CommandTimeout='30']
      SELECT TOP(1) [p].[Id], [p].[CreatedAt], [p].[DescriptionAr], [p].[DescriptionEn], [p].[Group], [p].[Name]
      FROM [Permissions] AS [p]
      WHERE [p].[Name] = @__permName_0
dbug: Microsoft.EntityFrameworkCore.ChangeTracking[10806]
      Context 'AlFalahDbContext' started tracking 'Permission' entity. Consider using 'DbContextOptionsBuilder.EnableSensitiveDataLogging' to see key values.
dbug: Microsoft.EntityFrameworkCore.Database.Connection[20002]
      Closing connection to database 'AlFalahDb' on server '(localdb)\mssqllocaldb'.
dbug: Microsoft.EntityFrameworkCore.Database.Connection[20003]
      Closed connection to database 'AlFalahDb' on server '(localdb)\mssqllocaldb' (0ms).
dbug: Microsoft.EntityFrameworkCore.Database.Connection[20000]
      Opening connection to database 'AlFalahDb' on server '(localdb)\mssqllocaldb'.
dbug: Microsoft.EntityFrameworkCore.Database.Connection[20001]
      Opened connection to database 'AlFalahDb' on server '(localdb)\mssqllocaldb'.
info: Microsoft.EntityFrameworkCore.Database.Command[20101]
      Executed DbCommand (0ms) [Parameters=[@__permName_0='?' (Size = 4000)], CommandType='Text', CommandTimeout='30']
      SELECT TOP(1) [p].[Id], [p].[CreatedAt], [p].[DescriptionAr], [p].[DescriptionEn], [p].[Group], [p].[Name]
      FROM [Permissions] AS [p]
      WHERE [p].[Name] = @__permName_0
dbug: Microsoft.EntityFrameworkCore.ChangeTracking[10806]
      Context 'AlFalahDbContext' started tracking 'Permission' entity. Consider using 'DbContextOptionsBuilder.EnableSensitiveDataLogging' to see key values.
dbug: Microsoft.EntityFrameworkCore.Database.Connection[20002]
      Closing connection to database 'AlFalahDb' on server '(localdb)\mssqllocaldb'.
dbug: Microsoft.EntityFrameworkCore.Database.Connection[20003]
      Closed connection to database 'AlFalahDb' on server '(localdb)\mssqllocaldb' (0ms).
dbug: Microsoft.EntityFrameworkCore.Database.Connection[20000]
      Opening connection to database 'AlFalahDb' on server '(localdb)\mssqllocaldb'.
dbug: Microsoft.EntityFrameworkCore.Database.Connection[20001]
      Opened connection to database 'AlFalahDb' on server '(localdb)\mssqllocaldb'.
info: Microsoft.EntityFrameworkCore.Database.Command[20101]
      Executed DbCommand (0ms) [Parameters=[@__permName_0='?' (Size = 4000)], CommandType='Text', CommandTimeout='30']
      SELECT TOP(1) [p].[Id], [p].[CreatedAt], [p].[DescriptionAr], [p].[DescriptionEn], [p].[Group], [p].[Name]
      FROM [Permissions] AS [p]
      WHERE [p].[Name] = @__permName_0
dbug: Microsoft.EntityFrameworkCore.ChangeTracking[10806]
      Context 'AlFalahDbContext' started tracking 'Permission' entity. Consider using 'DbContextOptionsBuilder.EnableSensitiveDataLogging' to see key values.
dbug: Microsoft.EntityFrameworkCore.Database.Connection[20002]
      Closing connection to database 'AlFalahDb' on server '(localdb)\mssqllocaldb'.
dbug: Microsoft.EntityFrameworkCore.Database.Connection[20003]
      Closed connection to database 'AlFalahDb' on server '(localdb)\mssqllocaldb' (0ms).
dbug: Microsoft.EntityFrameworkCore.Database.Connection[20000]
      Opening connection to database 'AlFalahDb' on server '(localdb)\mssqllocaldb'.
dbug: Microsoft.EntityFrameworkCore.Database.Connection[20001]
      Opened connection to database 'AlFalahDb' on server '(localdb)\mssqllocaldb'.
info: Microsoft.EntityFrameworkCore.Database.Command[20101]
      Executed DbCommand (0ms) [Parameters=[@__permName_0='?' (Size = 4000)], CommandType='Text', CommandTimeout='30']
      SELECT TOP(1) [p].[Id], [p].[CreatedAt], [p].[DescriptionAr], [p].[DescriptionEn], [p].[Group], [p].[Name]
      FROM [Permissions] AS [p]
      WHERE [p].[Name] = @__permName_0
dbug: Microsoft.EntityFrameworkCore.ChangeTracking[10806]
      Context 'AlFalahDbContext' started tracking 'Permission' entity. Consider using 'DbContextOptionsBuilder.EnableSensitiveDataLogging' to see key values.
dbug: Microsoft.EntityFrameworkCore.Database.Connection[20002]
      Closing connection to database 'AlFalahDb' on server '(localdb)\mssqllocaldb'.
dbug: Microsoft.EntityFrameworkCore.Database.Connection[20003]
      Closed connection to database 'AlFalahDb' on server '(localdb)\mssqllocaldb' (0ms).
dbug: Microsoft.EntityFrameworkCore.Database.Connection[20000]
      Opening connection to database 'AlFalahDb' on server '(localdb)\mssqllocaldb'.
dbug: Microsoft.EntityFrameworkCore.Database.Connection[20001]
      Opened connection to database 'AlFalahDb' on server '(localdb)\mssqllocaldb'.
info: Microsoft.EntityFrameworkCore.Database.Command[20101]
      Executed DbCommand (0ms) [Parameters=[@__permName_0='?' (Size = 4000)], CommandType='Text', CommandTimeout='30']
      SELECT TOP(1) [p].[Id], [p].[CreatedAt], [p].[DescriptionAr], [p].[DescriptionEn], [p].[Group], [p].[Name]
      FROM [Permissions] AS [p]
      WHERE [p].[Name] = @__permName_0
dbug: Microsoft.EntityFrameworkCore.ChangeTracking[10806]
      Context 'AlFalahDbContext' started tracking 'Permission' entity. Consider using 'DbContextOptionsBuilder.EnableSensitiveDataLogging' to see key values.
dbug: Microsoft.EntityFrameworkCore.Database.Connection[20002]
      Closing connection to database 'AlFalahDb' on server '(localdb)\mssqllocaldb'.
dbug: Microsoft.EntityFrameworkCore.Database.Connection[20003]
      Closed connection to database 'AlFalahDb' on server '(localdb)\mssqllocaldb' (0ms).
dbug: Microsoft.EntityFrameworkCore.Database.Connection[20000]
      Opening connection to database 'AlFalahDb' on server '(localdb)\mssqllocaldb'.
dbug: Microsoft.EntityFrameworkCore.Database.Connection[20001]
      Opened connection to database 'AlFalahDb' on server '(localdb)\mssqllocaldb'.
info: Microsoft.EntityFrameworkCore.Database.Command[20101]
      Executed DbCommand (0ms) [Parameters=[@__permName_0='?' (Size = 4000)], CommandType='Text', CommandTimeout='30']
      SELECT TOP(1) [p].[Id], [p].[CreatedAt], [p].[DescriptionAr], [p].[DescriptionEn], [p].[Group], [p].[Name]
      FROM [Permissions] AS [p]
      WHERE [p].[Name] = @__permName_0
dbug: Microsoft.EntityFrameworkCore.ChangeTracking[10806]
      Context 'AlFalahDbContext' started tracking 'Permission' entity. Consider using 'DbContextOptionsBuilder.EnableSensitiveDataLogging' to see key values.
dbug: Microsoft.EntityFrameworkCore.Database.Connection[20002]
      Closing connection to database 'AlFalahDb' on server '(localdb)\mssqllocaldb'.
dbug: Microsoft.EntityFrameworkCore.Database.Connection[20003]
      Closed connection to database 'AlFalahDb' on server '(localdb)\mssqllocaldb' (0ms).
dbug: Microsoft.EntityFrameworkCore.Database.Connection[20000]
      Opening connection to database 'AlFalahDb' on server '(localdb)\mssqllocaldb'.
dbug: Microsoft.EntityFrameworkCore.Database.Connection[20001]
      Opened connection to database 'AlFalahDb' on server '(localdb)\mssqllocaldb'.
info: Microsoft.EntityFrameworkCore.Database.Command[20101]
      Executed DbCommand (0ms) [Parameters=[@__permName_0='?' (Size = 4000)], CommandType='Text', CommandTimeout='30']
      SELECT TOP(1) [p].[Id], [p].[CreatedAt], [p].[DescriptionAr], [p].[DescriptionEn], [p].[Group], [p].[Name]
      FROM [Permissions] AS [p]
      WHERE [p].[Name] = @__permName_0
dbug: Microsoft.EntityFrameworkCore.ChangeTracking[10806]
      Context 'AlFalahDbContext' started tracking 'Permission' entity. Consider using 'DbContextOptionsBuilder.EnableSensitiveDataLogging' to see key values.
dbug: Microsoft.EntityFrameworkCore.Database.Connection[20002]
      Closing connection to database 'AlFalahDb' on server '(localdb)\mssqllocaldb'.
dbug: Microsoft.EntityFrameworkCore.Database.Connection[20003]
      Closed connection to database 'AlFalahDb' on server '(localdb)\mssqllocaldb' (0ms).
dbug: Microsoft.EntityFrameworkCore.Database.Connection[20000]
      Opening connection to database 'AlFalahDb' on server '(localdb)\mssqllocaldb'.
dbug: Microsoft.EntityFrameworkCore.Database.Connection[20001]
      Opened connection to database 'AlFalahDb' on server '(localdb)\mssqllocaldb'.
info: Microsoft.EntityFrameworkCore.Database.Command[20101]
      Executed DbCommand (0ms) [Parameters=[@__permName_0='?' (Size = 4000)], CommandType='Text', CommandTimeout='30']
      SELECT TOP(1) [p].[Id], [p].[CreatedAt], [p].[DescriptionAr], [p].[DescriptionEn], [p].[Group], [p].[Name]
      FROM [Permissions] AS [p]
      WHERE [p].[Name] = @__permName_0
dbug: Microsoft.EntityFrameworkCore.ChangeTracking[10806]
      Context 'AlFalahDbContext' started tracking 'Permission' entity. Consider using 'DbContextOptionsBuilder.EnableSensitiveDataLogging' to see key values.
dbug: Microsoft.EntityFrameworkCore.Database.Connection[20002]
      Closing connection to database 'AlFalahDb' on server '(localdb)\mssqllocaldb'.
dbug: Microsoft.EntityFrameworkCore.Database.Connection[20003]
      Closed connection to database 'AlFalahDb' on server '(localdb)\mssqllocaldb' (0ms).
dbug: Microsoft.EntityFrameworkCore.Database.Connection[20000]
      Opening connection to database 'AlFalahDb' on server '(localdb)\mssqllocaldb'.
dbug: Microsoft.EntityFrameworkCore.Database.Connection[20001]
      Opened connection to database 'AlFalahDb' on server '(localdb)\mssqllocaldb'.
info: Microsoft.EntityFrameworkCore.Database.Command[20101]
      Executed DbCommand (0ms) [Parameters=[@__permName_0='?' (Size = 4000)], CommandType='Text', CommandTimeout='30']
      SELECT TOP(1) [p].[Id], [p].[CreatedAt], [p].[DescriptionAr], [p].[DescriptionEn], [p].[Group], [p].[Name]
      FROM [Permissions] AS [p]
      WHERE [p].[Name] = @__permName_0
dbug: Microsoft.EntityFrameworkCore.ChangeTracking[10806]
      Context 'AlFalahDbContext' started tracking 'Permission' entity. Consider using 'DbContextOptionsBuilder.EnableSensitiveDataLogging' to see key values.
dbug: Microsoft.EntityFrameworkCore.Database.Connection[20002]
      Closing connection to database 'AlFalahDb' on server '(localdb)\mssqllocaldb'.
dbug: Microsoft.EntityFrameworkCore.Database.Connection[20003]
      Closed connection to database 'AlFalahDb' on server '(localdb)\mssqllocaldb' (0ms).
dbug: Microsoft.EntityFrameworkCore.Database.Connection[20000]
      Opening connection to database 'AlFalahDb' on server '(localdb)\mssqllocaldb'.
dbug: Microsoft.EntityFrameworkCore.Database.Connection[20001]
      Opened connection to database 'AlFalahDb' on server '(localdb)\mssqllocaldb'.
info: Microsoft.EntityFrameworkCore.Database.Command[20101]
      Executed DbCommand (0ms) [Parameters=[@__permName_0='?' (Size = 4000)], CommandType='Text', CommandTimeout='30']
      SELECT TOP(1) [p].[Id], [p].[CreatedAt], [p].[DescriptionAr], [p].[DescriptionEn], [p].[Group], [p].[Name]
      FROM [Permissions] AS [p]
      WHERE [p].[Name] = @__permName_0
dbug: Microsoft.EntityFrameworkCore.ChangeTracking[10806]
      Context 'AlFalahDbContext' started tracking 'Permission' entity. Consider using 'DbContextOptionsBuilder.EnableSensitiveDataLogging' to see key values.
dbug: Microsoft.EntityFrameworkCore.Database.Connection[20002]
      Closing connection to database 'AlFalahDb' on server '(localdb)\mssqllocaldb'.
dbug: Microsoft.EntityFrameworkCore.Database.Connection[20003]
      Closed connection to database 'AlFalahDb' on server '(localdb)\mssqllocaldb' (0ms).
dbug: Microsoft.EntityFrameworkCore.Database.Connection[20000]
      Opening connection to database 'AlFalahDb' on server '(localdb)\mssqllocaldb'.
dbug: Microsoft.EntityFrameworkCore.Database.Connection[20001]
      Opened connection to database 'AlFalahDb' on server '(localdb)\mssqllocaldb'.
info: Microsoft.EntityFrameworkCore.Database.Command[20101]
      Executed DbCommand (0ms) [Parameters=[@__permName_0='?' (Size = 4000)], CommandType='Text', CommandTimeout='30']
      SELECT TOP(1) [p].[Id], [p].[CreatedAt], [p].[DescriptionAr], [p].[DescriptionEn], [p].[Group], [p].[Name]
      FROM [Permissions] AS [p]
      WHERE [p].[Name] = @__permName_0
dbug: Microsoft.EntityFrameworkCore.ChangeTracking[10806]
      Context 'AlFalahDbContext' started tracking 'Permission' entity. Consider using 'DbContextOptionsBuilder.EnableSensitiveDataLogging' to see key values.
dbug: Microsoft.EntityFrameworkCore.Database.Connection[20002]
      Closing connection to database 'AlFalahDb' on server '(localdb)\mssqllocaldb'.
dbug: Microsoft.EntityFrameworkCore.Database.Connection[20003]
      Closed connection to database 'AlFalahDb' on server '(localdb)\mssqllocaldb' (0ms).
dbug: Microsoft.EntityFrameworkCore.Database.Connection[20000]
      Opening connection to database 'AlFalahDb' on server '(localdb)\mssqllocaldb'.
dbug: Microsoft.EntityFrameworkCore.Database.Connection[20001]
      Opened connection to database 'AlFalahDb' on server '(localdb)\mssqllocaldb'.
info: Microsoft.EntityFrameworkCore.Database.Command[20101]
      Executed DbCommand (0ms) [Parameters=[@__permName_0='?' (Size = 4000)], CommandType='Text', CommandTimeout='30']
      SELECT TOP(1) [p].[Id], [p].[CreatedAt], [p].[DescriptionAr], [p].[DescriptionEn], [p].[Group], [p].[Name]
      FROM [Permissions] AS [p]
      WHERE [p].[Name] = @__permName_0
dbug: Microsoft.EntityFrameworkCore.ChangeTracking[10806]
      Context 'AlFalahDbContext' started tracking 'Permission' entity. Consider using 'DbContextOptionsBuilder.EnableSensitiveDataLogging' to see key values.
dbug: Microsoft.EntityFrameworkCore.Database.Connection[20002]
      Closing connection to database 'AlFalahDb' on server '(localdb)\mssqllocaldb'.
dbug: Microsoft.EntityFrameworkCore.Database.Connection[20003]
      Closed connection to database 'AlFalahDb' on server '(localdb)\mssqllocaldb' (0ms).
dbug: Microsoft.EntityFrameworkCore.Database.Connection[20000]
      Opening connection to database 'AlFalahDb' on server '(localdb)\mssqllocaldb'.
dbug: Microsoft.EntityFrameworkCore.Database.Connection[20001]
      Opened connection to database 'AlFalahDb' on server '(localdb)\mssqllocaldb'.
info: Microsoft.EntityFrameworkCore.Database.Command[20101]
      Executed DbCommand (0ms) [Parameters=[@__permName_0='?' (Size = 4000)], CommandType='Text', CommandTimeout='30']
      SELECT TOP(1) [p].[Id], [p].[CreatedAt], [p].[DescriptionAr], [p].[DescriptionEn], [p].[Group], [p].[Name]
      FROM [Permissions] AS [p]
      WHERE [p].[Name] = @__permName_0
dbug: Microsoft.EntityFrameworkCore.ChangeTracking[10806]
      Context 'AlFalahDbContext' started tracking 'Permission' entity. Consider using 'DbContextOptionsBuilder.EnableSensitiveDataLogging' to see key values.
dbug: Microsoft.EntityFrameworkCore.Database.Connection[20002]
      Closing connection to database 'AlFalahDb' on server '(localdb)\mssqllocaldb'.
dbug: Microsoft.EntityFrameworkCore.Database.Connection[20003]
      Closed connection to database 'AlFalahDb' on server '(localdb)\mssqllocaldb' (0ms).
dbug: Microsoft.EntityFrameworkCore.Database.Connection[20000]
      Opening connection to database 'AlFalahDb' on server '(localdb)\mssqllocaldb'.
dbug: Microsoft.EntityFrameworkCore.Database.Connection[20001]
      Opened connection to database 'AlFalahDb' on server '(localdb)\mssqllocaldb'.
info: Microsoft.EntityFrameworkCore.Database.Command[20101]
      Executed DbCommand (0ms) [Parameters=[@__permName_0='?' (Size = 4000)], CommandType='Text', CommandTimeout='30']
      SELECT TOP(1) [p].[Id], [p].[CreatedAt], [p].[DescriptionAr], [p].[DescriptionEn], [p].[Group], [p].[Name]
      FROM [Permissions] AS [p]
      WHERE [p].[Name] = @__permName_0
dbug: Microsoft.EntityFrameworkCore.ChangeTracking[10806]
      Context 'AlFalahDbContext' started tracking 'Permission' entity. Consider using 'DbContextOptionsBuilder.EnableSensitiveDataLogging' to see key values.
dbug: Microsoft.EntityFrameworkCore.Database.Connection[20002]
      Closing connection to database 'AlFalahDb' on server '(localdb)\mssqllocaldb'.
dbug: Microsoft.EntityFrameworkCore.Database.Connection[20003]
      Closed connection to database 'AlFalahDb' on server '(localdb)\mssqllocaldb' (0ms).
dbug: Microsoft.EntityFrameworkCore.Database.Connection[20000]
      Opening connection to database 'AlFalahDb' on server '(localdb)\mssqllocaldb'.
dbug: Microsoft.EntityFrameworkCore.Database.Connection[20001]
      Opened connection to database 'AlFalahDb' on server '(localdb)\mssqllocaldb'.
info: Microsoft.EntityFrameworkCore.Database.Command[20101]
      Executed DbCommand (0ms) [Parameters=[@__permName_0='?' (Size = 4000)], CommandType='Text', CommandTimeout='30']
      SELECT TOP(1) [p].[Id], [p].[CreatedAt], [p].[DescriptionAr], [p].[DescriptionEn], [p].[Group], [p].[Name]
      FROM [Permissions] AS [p]
      WHERE [p].[Name] = @__permName_0
dbug: Microsoft.EntityFrameworkCore.ChangeTracking[10806]
      Context 'AlFalahDbContext' started tracking 'Permission' entity. Consider using 'DbContextOptionsBuilder.EnableSensitiveDataLogging' to see key values.
dbug: Microsoft.EntityFrameworkCore.Database.Connection[20002]
      Closing connection to database 'AlFalahDb' on server '(localdb)\mssqllocaldb'.
dbug: Microsoft.EntityFrameworkCore.Database.Connection[20003]
      Closed connection to database 'AlFalahDb' on server '(localdb)\mssqllocaldb' (0ms).
dbug: Microsoft.EntityFrameworkCore.Database.Connection[20000]
      Opening connection to database 'AlFalahDb' on server '(localdb)\mssqllocaldb'.
dbug: Microsoft.EntityFrameworkCore.Database.Connection[20001]
      Opened connection to database 'AlFalahDb' on server '(localdb)\mssqllocaldb'.
info: Microsoft.EntityFrameworkCore.Database.Command[20101]
      Executed DbCommand (0ms) [Parameters=[@__permName_0='?' (Size = 4000)], CommandType='Text', CommandTimeout='30']
      SELECT TOP(1) [p].[Id], [p].[CreatedAt], [p].[DescriptionAr], [p].[DescriptionEn], [p].[Group], [p].[Name]
      FROM [Permissions] AS [p]
      WHERE [p].[Name] = @__permName_0
dbug: Microsoft.EntityFrameworkCore.ChangeTracking[10806]
      Context 'AlFalahDbContext' started tracking 'Permission' entity. Consider using 'DbContextOptionsBuilder.EnableSensitiveDataLogging' to see key values.
dbug: Microsoft.EntityFrameworkCore.Database.Connection[20002]
      Closing connection to database 'AlFalahDb' on server '(localdb)\mssqllocaldb'.
dbug: Microsoft.EntityFrameworkCore.Database.Connection[20003]
      Closed connection to database 'AlFalahDb' on server '(localdb)\mssqllocaldb' (0ms).
dbug: Microsoft.EntityFrameworkCore.Database.Connection[20000]
      Opening connection to database 'AlFalahDb' on server '(localdb)\mssqllocaldb'.
dbug: Microsoft.EntityFrameworkCore.Database.Connection[20001]
      Opened connection to database 'AlFalahDb' on server '(localdb)\mssqllocaldb'.
info: Microsoft.EntityFrameworkCore.Database.Command[20101]
      Executed DbCommand (0ms) [Parameters=[@__permName_0='?' (Size = 4000)], CommandType='Text', CommandTimeout='30']
      SELECT TOP(1) [p].[Id], [p].[CreatedAt], [p].[DescriptionAr], [p].[DescriptionEn], [p].[Group], [p].[Name]
      FROM [Permissions] AS [p]
      WHERE [p].[Name] = @__permName_0
dbug: Microsoft.EntityFrameworkCore.ChangeTracking[10806]
      Context 'AlFalahDbContext' started tracking 'Permission' entity. Consider using 'DbContextOptionsBuilder.EnableSensitiveDataLogging' to see key values.
dbug: Microsoft.EntityFrameworkCore.Database.Connection[20002]
      Closing connection to database 'AlFalahDb' on server '(localdb)\mssqllocaldb'.
dbug: Microsoft.EntityFrameworkCore.Database.Connection[20003]
      Closed connection to database 'AlFalahDb' on server '(localdb)\mssqllocaldb' (0ms).
dbug: Microsoft.EntityFrameworkCore.Database.Connection[20000]
      Opening connection to database 'AlFalahDb' on server '(localdb)\mssqllocaldb'.
dbug: Microsoft.EntityFrameworkCore.Database.Connection[20001]
      Opened connection to database 'AlFalahDb' on server '(localdb)\mssqllocaldb'.
info: Microsoft.EntityFrameworkCore.Database.Command[20101]
      Executed DbCommand (0ms) [Parameters=[@__permName_0='?' (Size = 4000)], CommandType='Text', CommandTimeout='30']
      SELECT TOP(1) [p].[Id], [p].[CreatedAt], [p].[DescriptionAr], [p].[DescriptionEn], [p].[Group], [p].[Name]
      FROM [Permissions] AS [p]
      WHERE [p].[Name] = @__permName_0
dbug: Microsoft.EntityFrameworkCore.ChangeTracking[10806]
      Context 'AlFalahDbContext' started tracking 'Permission' entity. Consider using 'DbContextOptionsBuilder.EnableSensitiveDataLogging' to see key values.
dbug: Microsoft.EntityFrameworkCore.Database.Connection[20002]
      Closing connection to database 'AlFalahDb' on server '(localdb)\mssqllocaldb'.
dbug: Microsoft.EntityFrameworkCore.Database.Connection[20003]
      Closed connection to database 'AlFalahDb' on server '(localdb)\mssqllocaldb' (0ms).
dbug: Microsoft.EntityFrameworkCore.Database.Connection[20000]
      Opening connection to database 'AlFalahDb' on server '(localdb)\mssqllocaldb'.
dbug: Microsoft.EntityFrameworkCore.Database.Connection[20001]
      Opened connection to database 'AlFalahDb' on server '(localdb)\mssqllocaldb'.
info: Microsoft.EntityFrameworkCore.Database.Command[20101]
      Executed DbCommand (0ms) [Parameters=[@__permName_0='?' (Size = 4000)], CommandType='Text', CommandTimeout='30']
      SELECT TOP(1) [p].[Id], [p].[CreatedAt], [p].[DescriptionAr], [p].[DescriptionEn], [p].[Group], [p].[Name]
      FROM [Permissions] AS [p]
      WHERE [p].[Name] = @__permName_0
dbug: Microsoft.EntityFrameworkCore.ChangeTracking[10806]
      Context 'AlFalahDbContext' started tracking 'Permission' entity. Consider using 'DbContextOptionsBuilder.EnableSensitiveDataLogging' to see key values.
dbug: Microsoft.EntityFrameworkCore.Database.Connection[20002]
      Closing connection to database 'AlFalahDb' on server '(localdb)\mssqllocaldb'.
dbug: Microsoft.EntityFrameworkCore.Database.Connection[20003]
      Closed connection to database 'AlFalahDb' on server '(localdb)\mssqllocaldb' (0ms).
dbug: Microsoft.EntityFrameworkCore.Database.Connection[20000]
      Opening connection to database 'AlFalahDb' on server '(localdb)\mssqllocaldb'.
dbug: Microsoft.EntityFrameworkCore.Database.Connection[20001]
      Opened connection to database 'AlFalahDb' on server '(localdb)\mssqllocaldb'.
info: Microsoft.EntityFrameworkCore.Database.Command[20101]
      Executed DbCommand (0ms) [Parameters=[@__permName_0='?' (Size = 4000)], CommandType='Text', CommandTimeout='30']
      SELECT TOP(1) [p].[Id], [p].[CreatedAt], [p].[DescriptionAr], [p].[DescriptionEn], [p].[Group], [p].[Name]
      FROM [Permissions] AS [p]
      WHERE [p].[Name] = @__permName_0
dbug: Microsoft.EntityFrameworkCore.ChangeTracking[10806]
      Context 'AlFalahDbContext' started tracking 'Permission' entity. Consider using 'DbContextOptionsBuilder.EnableSensitiveDataLogging' to see key values.
dbug: Microsoft.EntityFrameworkCore.Database.Connection[20002]
      Closing connection to database 'AlFalahDb' on server '(localdb)\mssqllocaldb'.
dbug: Microsoft.EntityFrameworkCore.Database.Connection[20003]
      Closed connection to database 'AlFalahDb' on server '(localdb)\mssqllocaldb' (0ms).
dbug: Microsoft.EntityFrameworkCore.Database.Connection[20000]
      Opening connection to database 'AlFalahDb' on server '(localdb)\mssqllocaldb'.
dbug: Microsoft.EntityFrameworkCore.Database.Connection[20001]
      Opened connection to database 'AlFalahDb' on server '(localdb)\mssqllocaldb'.
info: Microsoft.EntityFrameworkCore.Database.Command[20101]
      Executed DbCommand (0ms) [Parameters=[@__permName_0='?' (Size = 4000)], CommandType='Text', CommandTimeout='30']
      SELECT TOP(1) [p].[Id], [p].[CreatedAt], [p].[DescriptionAr], [p].[DescriptionEn], [p].[Group], [p].[Name]
      FROM [Permissions] AS [p]
      WHERE [p].[Name] = @__permName_0
dbug: Microsoft.EntityFrameworkCore.ChangeTracking[10806]
      Context 'AlFalahDbContext' started tracking 'Permission' entity. Consider using 'DbContextOptionsBuilder.EnableSensitiveDataLogging' to see key values.
dbug: Microsoft.EntityFrameworkCore.Database.Connection[20002]
      Closing connection to database 'AlFalahDb' on server '(localdb)\mssqllocaldb'.
dbug: Microsoft.EntityFrameworkCore.Database.Connection[20003]
      Closed connection to database 'AlFalahDb' on server '(localdb)\mssqllocaldb' (0ms).
dbug: Microsoft.EntityFrameworkCore.Database.Connection[20000]
      Opening connection to database 'AlFalahDb' on server '(localdb)\mssqllocaldb'.
dbug: Microsoft.EntityFrameworkCore.Database.Connection[20001]
      Opened connection to database 'AlFalahDb' on server '(localdb)\mssqllocaldb'.
info: Microsoft.EntityFrameworkCore.Database.Command[20101]
      Executed DbCommand (0ms) [Parameters=[@__permName_0='?' (Size = 4000)], CommandType='Text', CommandTimeout='30']
      SELECT TOP(1) [p].[Id], [p].[CreatedAt], [p].[DescriptionAr], [p].[DescriptionEn], [p].[Group], [p].[Name]
      FROM [Permissions] AS [p]
      WHERE [p].[Name] = @__permName_0
dbug: Microsoft.EntityFrameworkCore.ChangeTracking[10806]
      Context 'AlFalahDbContext' started tracking 'Permission' entity. Consider using 'DbContextOptionsBuilder.EnableSensitiveDataLogging' to see key values.
dbug: Microsoft.EntityFrameworkCore.Database.Connection[20002]
      Closing connection to database 'AlFalahDb' on server '(localdb)\mssqllocaldb'.
dbug: Microsoft.EntityFrameworkCore.Database.Connection[20003]
      Closed connection to database 'AlFalahDb' on server '(localdb)\mssqllocaldb' (0ms).
dbug: Microsoft.EntityFrameworkCore.Database.Connection[20000]
      Opening connection to database 'AlFalahDb' on server '(localdb)\mssqllocaldb'.
dbug: Microsoft.EntityFrameworkCore.Database.Connection[20001]
      Opened connection to database 'AlFalahDb' on server '(localdb)\mssqllocaldb'.
info: Microsoft.EntityFrameworkCore.Database.Command[20101]
      Executed DbCommand (0ms) [Parameters=[@__permName_0='?' (Size = 4000)], CommandType='Text', CommandTimeout='30']
      SELECT TOP(1) [p].[Id], [p].[CreatedAt], [p].[DescriptionAr], [p].[DescriptionEn], [p].[Group], [p].[Name]
      FROM [Permissions] AS [p]
      WHERE [p].[Name] = @__permName_0
dbug: Microsoft.EntityFrameworkCore.ChangeTracking[10806]
      Context 'AlFalahDbContext' started tracking 'Permission' entity. Consider using 'DbContextOptionsBuilder.EnableSensitiveDataLogging' to see key values.
dbug: Microsoft.EntityFrameworkCore.Database.Connection[20002]
      Closing connection to database 'AlFalahDb' on server '(localdb)\mssqllocaldb'.
dbug: Microsoft.EntityFrameworkCore.Database.Connection[20003]
      Closed connection to database 'AlFalahDb' on server '(localdb)\mssqllocaldb' (0ms).
dbug: Microsoft.EntityFrameworkCore.Database.Connection[20000]
      Opening connection to database 'AlFalahDb' on server '(localdb)\mssqllocaldb'.
dbug: Microsoft.EntityFrameworkCore.Database.Connection[20001]
      Opened connection to database 'AlFalahDb' on server '(localdb)\mssqllocaldb'.
info: Microsoft.EntityFrameworkCore.Database.Command[20101]
      Executed DbCommand (0ms) [Parameters=[@__permName_0='?' (Size = 4000)], CommandType='Text', CommandTimeout='30']
      SELECT TOP(1) [p].[Id], [p].[CreatedAt], [p].[DescriptionAr], [p].[DescriptionEn], [p].[Group], [p].[Name]
      FROM [Permissions] AS [p]
      WHERE [p].[Name] = @__permName_0
dbug: Microsoft.EntityFrameworkCore.ChangeTracking[10806]
      Context 'AlFalahDbContext' started tracking 'Permission' entity. Consider using 'DbContextOptionsBuilder.EnableSensitiveDataLogging' to see key values.
dbug: Microsoft.EntityFrameworkCore.Database.Connection[20002]
      Closing connection to database 'AlFalahDb' on server '(localdb)\mssqllocaldb'.
dbug: Microsoft.EntityFrameworkCore.Database.Connection[20003]
      Closed connection to database 'AlFalahDb' on server '(localdb)\mssqllocaldb' (0ms).
dbug: Microsoft.EntityFrameworkCore.Database.Connection[20000]
      Opening connection to database 'AlFalahDb' on server '(localdb)\mssqllocaldb'.
dbug: Microsoft.EntityFrameworkCore.Database.Connection[20001]
      Opened connection to database 'AlFalahDb' on server '(localdb)\mssqllocaldb'.
info: Microsoft.EntityFrameworkCore.Database.Command[20101]
      Executed DbCommand (0ms) [Parameters=[@__permName_0='?' (Size = 4000)], CommandType='Text', CommandTimeout='30']
      SELECT TOP(1) [p].[Id], [p].[CreatedAt], [p].[DescriptionAr], [p].[DescriptionEn], [p].[Group], [p].[Name]
      FROM [Permissions] AS [p]
      WHERE [p].[Name] = @__permName_0
dbug: Microsoft.EntityFrameworkCore.ChangeTracking[10806]
      Context 'AlFalahDbContext' started tracking 'Permission' entity. Consider using 'DbContextOptionsBuilder.EnableSensitiveDataLogging' to see key values.
dbug: Microsoft.EntityFrameworkCore.Database.Connection[20002]
      Closing connection to database 'AlFalahDb' on server '(localdb)\mssqllocaldb'.
dbug: Microsoft.EntityFrameworkCore.Database.Connection[20003]
      Closed connection to database 'AlFalahDb' on server '(localdb)\mssqllocaldb' (0ms).
dbug: Microsoft.EntityFrameworkCore.Database.Connection[20000]
      Opening connection to database 'AlFalahDb' on server '(localdb)\mssqllocaldb'.
dbug: Microsoft.EntityFrameworkCore.Database.Connection[20001]
      Opened connection to database 'AlFalahDb' on server '(localdb)\mssqllocaldb'.
info: Microsoft.EntityFrameworkCore.Database.Command[20101]
      Executed DbCommand (0ms) [Parameters=[@__permName_0='?' (Size = 4000)], CommandType='Text', CommandTimeout='30']
      SELECT TOP(1) [p].[Id], [p].[CreatedAt], [p].[DescriptionAr], [p].[DescriptionEn], [p].[Group], [p].[Name]
      FROM [Permissions] AS [p]
      WHERE [p].[Name] = @__permName_0
dbug: Microsoft.EntityFrameworkCore.ChangeTracking[10806]
      Context 'AlFalahDbContext' started tracking 'Permission' entity. Consider using 'DbContextOptionsBuilder.EnableSensitiveDataLogging' to see key values.
dbug: Microsoft.EntityFrameworkCore.Database.Connection[20002]
      Closing connection to database 'AlFalahDb' on server '(localdb)\mssqllocaldb'.
dbug: Microsoft.EntityFrameworkCore.Database.Connection[20003]
      Closed connection to database 'AlFalahDb' on server '(localdb)\mssqllocaldb' (0ms).
dbug: Microsoft.EntityFrameworkCore.Database.Connection[20000]
      Opening connection to database 'AlFalahDb' on server '(localdb)\mssqllocaldb'.
dbug: Microsoft.EntityFrameworkCore.Database.Connection[20001]
      Opened connection to database 'AlFalahDb' on server '(localdb)\mssqllocaldb'.
info: Microsoft.EntityFrameworkCore.Database.Command[20101]
      Executed DbCommand (0ms) [Parameters=[@__permName_0='?' (Size = 4000)], CommandType='Text', CommandTimeout='30']
      SELECT TOP(1) [p].[Id], [p].[CreatedAt], [p].[DescriptionAr], [p].[DescriptionEn], [p].[Group], [p].[Name]
      FROM [Permissions] AS [p]
      WHERE [p].[Name] = @__permName_0
dbug: Microsoft.EntityFrameworkCore.ChangeTracking[10806]
      Context 'AlFalahDbContext' started tracking 'Permission' entity. Consider using 'DbContextOptionsBuilder.EnableSensitiveDataLogging' to see key values.
dbug: Microsoft.EntityFrameworkCore.Database.Connection[20002]
      Closing connection to database 'AlFalahDb' on server '(localdb)\mssqllocaldb'.
dbug: Microsoft.EntityFrameworkCore.Database.Connection[20003]
      Closed connection to database 'AlFalahDb' on server '(localdb)\mssqllocaldb' (0ms).
dbug: Microsoft.EntityFrameworkCore.Database.Connection[20000]
      Opening connection to database 'AlFalahDb' on server '(localdb)\mssqllocaldb'.
dbug: Microsoft.EntityFrameworkCore.Database.Connection[20001]
      Opened connection to database 'AlFalahDb' on server '(localdb)\mssqllocaldb'.
info: Microsoft.EntityFrameworkCore.Database.Command[20101]
      Executed DbCommand (0ms) [Parameters=[@__permName_0='?' (Size = 4000)], CommandType='Text', CommandTimeout='30']
      SELECT TOP(1) [p].[Id], [p].[CreatedAt], [p].[DescriptionAr], [p].[DescriptionEn], [p].[Group], [p].[Name]
      FROM [Permissions] AS [p]
      WHERE [p].[Name] = @__permName_0
dbug: Microsoft.EntityFrameworkCore.ChangeTracking[10806]
      Context 'AlFalahDbContext' started tracking 'Permission' entity. Consider using 'DbContextOptionsBuilder.EnableSensitiveDataLogging' to see key values.
dbug: Microsoft.EntityFrameworkCore.Database.Connection[20002]
      Closing connection to database 'AlFalahDb' on server '(localdb)\mssqllocaldb'.
dbug: Microsoft.EntityFrameworkCore.Database.Connection[20003]
      Closed connection to database 'AlFalahDb' on server '(localdb)\mssqllocaldb' (0ms).
dbug: Microsoft.EntityFrameworkCore.Database.Connection[20000]
      Opening connection to database 'AlFalahDb' on server '(localdb)\mssqllocaldb'.
dbug: Microsoft.EntityFrameworkCore.Database.Connection[20001]
      Opened connection to database 'AlFalahDb' on server '(localdb)\mssqllocaldb'.
info: Microsoft.EntityFrameworkCore.Database.Command[20101]
      Executed DbCommand (0ms) [Parameters=[@__permName_0='?' (Size = 4000)], CommandType='Text', CommandTimeout='30']
      SELECT TOP(1) [p].[Id], [p].[CreatedAt], [p].[DescriptionAr], [p].[DescriptionEn], [p].[Group], [p].[Name]
      FROM [Permissions] AS [p]
      WHERE [p].[Name] = @__permName_0
dbug: Microsoft.EntityFrameworkCore.ChangeTracking[10806]
      Context 'AlFalahDbContext' started tracking 'Permission' entity. Consider using 'DbContextOptionsBuilder.EnableSensitiveDataLogging' to see key values.
dbug: Microsoft.EntityFrameworkCore.Database.Connection[20002]
      Closing connection to database 'AlFalahDb' on server '(localdb)\mssqllocaldb'.
dbug: Microsoft.EntityFrameworkCore.Database.Connection[20003]
      Closed connection to database 'AlFalahDb' on server '(localdb)\mssqllocaldb' (0ms).
dbug: Microsoft.EntityFrameworkCore.Database.Connection[20000]
      Opening connection to database 'AlFalahDb' on server '(localdb)\mssqllocaldb'.
dbug: Microsoft.EntityFrameworkCore.Database.Connection[20001]
      Opened connection to database 'AlFalahDb' on server '(localdb)\mssqllocaldb'.
info: Microsoft.EntityFrameworkCore.Database.Command[20101]
      Executed DbCommand (0ms) [Parameters=[@__permName_0='?' (Size = 4000)], CommandType='Text', CommandTimeout='30']
      SELECT TOP(1) [p].[Id], [p].[CreatedAt], [p].[DescriptionAr], [p].[DescriptionEn], [p].[Group], [p].[Name]
      FROM [Permissions] AS [p]
      WHERE [p].[Name] = @__permName_0
dbug: Microsoft.EntityFrameworkCore.ChangeTracking[10806]
      Context 'AlFalahDbContext' started tracking 'Permission' entity. Consider using 'DbContextOptionsBuilder.EnableSensitiveDataLogging' to see key values.
dbug: Microsoft.EntityFrameworkCore.Database.Connection[20002]
      Closing connection to database 'AlFalahDb' on server '(localdb)\mssqllocaldb'.
dbug: Microsoft.EntityFrameworkCore.Database.Connection[20003]
      Closed connection to database 'AlFalahDb' on server '(localdb)\mssqllocaldb' (0ms).
dbug: Microsoft.EntityFrameworkCore.Database.Connection[20000]
      Opening connection to database 'AlFalahDb' on server '(localdb)\mssqllocaldb'.
dbug: Microsoft.EntityFrameworkCore.Database.Connection[20001]
      Opened connection to database 'AlFalahDb' on server '(localdb)\mssqllocaldb'.
info: Microsoft.EntityFrameworkCore.Database.Command[20101]
      Executed DbCommand (0ms) [Parameters=[@__permName_0='?' (Size = 4000)], CommandType='Text', CommandTimeout='30']
      SELECT TOP(1) [p].[Id], [p].[CreatedAt], [p].[DescriptionAr], [p].[DescriptionEn], [p].[Group], [p].[Name]
      FROM [Permissions] AS [p]
      WHERE [p].[Name] = @__permName_0
dbug: Microsoft.EntityFrameworkCore.ChangeTracking[10806]
      Context 'AlFalahDbContext' started tracking 'Permission' entity. Consider using 'DbContextOptionsBuilder.EnableSensitiveDataLogging' to see key values.
dbug: Microsoft.EntityFrameworkCore.Database.Connection[20002]
      Closing connection to database 'AlFalahDb' on server '(localdb)\mssqllocaldb'.
dbug: Microsoft.EntityFrameworkCore.Database.Connection[20003]
      Closed connection to database 'AlFalahDb' on server '(localdb)\mssqllocaldb' (0ms).
dbug: Microsoft.EntityFrameworkCore.Database.Connection[20000]
      Opening connection to database 'AlFalahDb' on server '(localdb)\mssqllocaldb'.
dbug: Microsoft.EntityFrameworkCore.Database.Connection[20001]
      Opened connection to database 'AlFalahDb' on server '(localdb)\mssqllocaldb'.
info: Microsoft.EntityFrameworkCore.Database.Command[20101]
      Executed DbCommand (0ms) [Parameters=[@__permName_0='?' (Size = 4000)], CommandType='Text', CommandTimeout='30']
      SELECT TOP(1) [p].[Id], [p].[CreatedAt], [p].[DescriptionAr], [p].[DescriptionEn], [p].[Group], [p].[Name]
      FROM [Permissions] AS [p]
      WHERE [p].[Name] = @__permName_0
dbug: Microsoft.EntityFrameworkCore.ChangeTracking[10806]
      Context 'AlFalahDbContext' started tracking 'Permission' entity. Consider using 'DbContextOptionsBuilder.EnableSensitiveDataLogging' to see key values.
dbug: Microsoft.EntityFrameworkCore.Database.Connection[20002]
      Closing connection to database 'AlFalahDb' on server '(localdb)\mssqllocaldb'.
dbug: Microsoft.EntityFrameworkCore.Database.Connection[20003]
      Closed connection to database 'AlFalahDb' on server '(localdb)\mssqllocaldb' (0ms).
dbug: Microsoft.EntityFrameworkCore.Database.Connection[20000]
      Opening connection to database 'AlFalahDb' on server '(localdb)\mssqllocaldb'.
dbug: Microsoft.EntityFrameworkCore.Database.Connection[20001]
      Opened connection to database 'AlFalahDb' on server '(localdb)\mssqllocaldb'.
info: Microsoft.EntityFrameworkCore.Database.Command[20101]
      Executed DbCommand (0ms) [Parameters=[@__permName_0='?' (Size = 4000)], CommandType='Text', CommandTimeout='30']
      SELECT TOP(1) [p].[Id], [p].[CreatedAt], [p].[DescriptionAr], [p].[DescriptionEn], [p].[Group], [p].[Name]
      FROM [Permissions] AS [p]
      WHERE [p].[Name] = @__permName_0
dbug: Microsoft.EntityFrameworkCore.ChangeTracking[10806]
      Context 'AlFalahDbContext' started tracking 'Permission' entity. Consider using 'DbContextOptionsBuilder.EnableSensitiveDataLogging' to see key values.
dbug: Microsoft.EntityFrameworkCore.Database.Connection[20002]
      Closing connection to database 'AlFalahDb' on server '(localdb)\mssqllocaldb'.
dbug: Microsoft.EntityFrameworkCore.Database.Connection[20003]
      Closed connection to database 'AlFalahDb' on server '(localdb)\mssqllocaldb' (0ms).
dbug: Microsoft.EntityFrameworkCore.Database.Connection[20000]
      Opening connection to database 'AlFalahDb' on server '(localdb)\mssqllocaldb'.
dbug: Microsoft.EntityFrameworkCore.Database.Connection[20001]
      Opened connection to database 'AlFalahDb' on server '(localdb)\mssqllocaldb'.
info: Microsoft.EntityFrameworkCore.Database.Command[20101]
      Executed DbCommand (0ms) [Parameters=[@__permName_0='?' (Size = 4000)], CommandType='Text', CommandTimeout='30']
      SELECT TOP(1) [p].[Id], [p].[CreatedAt], [p].[DescriptionAr], [p].[DescriptionEn], [p].[Group], [p].[Name]
      FROM [Permissions] AS [p]
      WHERE [p].[Name] = @__permName_0
dbug: Microsoft.EntityFrameworkCore.ChangeTracking[10806]
      Context 'AlFalahDbContext' started tracking 'Permission' entity. Consider using 'DbContextOptionsBuilder.EnableSensitiveDataLogging' to see key values.
dbug: Microsoft.EntityFrameworkCore.Database.Connection[20002]
      Closing connection to database 'AlFalahDb' on server '(localdb)\mssqllocaldb'.
dbug: Microsoft.EntityFrameworkCore.Database.Connection[20003]
      Closed connection to database 'AlFalahDb' on server '(localdb)\mssqllocaldb' (0ms).
dbug: Microsoft.EntityFrameworkCore.Query[10111]
      Compiling query expression: 
      'DbSet<RolePermission>()
          .Where(rp => rp.RoleId == __role_Id_0)'
dbug: Microsoft.EntityFrameworkCore.Query[10107]
      Generated query execution expression: 
      'queryContext => new SingleQueryingEnumerable<RolePermission>(
          (RelationalQueryContext)queryContext, 
          RelationalCommandCache.QueryExpression(
              Projection Mapping:
                  EmptyProjectionMember -> Dictionary<IProperty, int> { [Property: RolePermission.Id (int) Required PK AfterSave:Throw ValueGenerated.OnAdd, 0], [Property: RolePermission.CreatedAt (DateTimeOffset) Required, 1], [Property: RolePermission.PermissionId (int) Required FK Index, 2], [Property: RolePermission.RoleId (string) Required FK Index, 3] }
              SELECT r.Id, r.CreatedAt, r.PermissionId, r.RoleId
              FROM RolePermissions AS r
              WHERE r.RoleId == @__role_Id_0), 
          null, 
          Func<QueryContext, DbDataReader, ResultContext, SingleQueryResultCoordinator, RolePermission>, 
          AlFalah.Infrastructure.Data.AlFalahDbContext, 
          False, 
          False, 
          True
      )'
dbug: Microsoft.EntityFrameworkCore.Database.Connection[20000]
      Opening connection to database 'AlFalahDb' on server '(localdb)\mssqllocaldb'.
dbug: Microsoft.EntityFrameworkCore.Database.Connection[20001]
      Opened connection to database 'AlFalahDb' on server '(localdb)\mssqllocaldb'.
info: Microsoft.EntityFrameworkCore.Database.Command[20101]
      Executed DbCommand (3ms) [Parameters=[@__role_Id_0='?' (Size = 450)], CommandType='Text', CommandTimeout='30']
      SELECT [r].[Id], [r].[CreatedAt], [r].[PermissionId], [r].[RoleId]
      FROM [RolePermissions] AS [r]
      WHERE [r].[RoleId] = @__role_Id_0
dbug: Microsoft.EntityFrameworkCore.ChangeTracking[10805]
      The navigation 'RolePermission.Role' was detected as changed. Consider using 'DbContextOptionsBuilder.EnableSensitiveDataLogging' to see key values.
dbug: Microsoft.EntityFrameworkCore.ChangeTracking[10806]
      Context 'AlFalahDbContext' started tracking 'RolePermission' entity. Consider using 'DbContextOptionsBuilder.EnableSensitiveDataLogging' to see key values.
dbug: Microsoft.EntityFrameworkCore.ChangeTracking[10805]
      The navigation 'RolePermission.Role' was detected as changed. Consider using 'DbContextOptionsBuilder.EnableSensitiveDataLogging' to see key values.
dbug: Microsoft.EntityFrameworkCore.ChangeTracking[10806]
      Context 'AlFalahDbContext' started tracking 'RolePermission' entity. Consider using 'DbContextOptionsBuilder.EnableSensitiveDataLogging' to see key values.
dbug: Microsoft.EntityFrameworkCore.ChangeTracking[10805]
      The navigation 'RolePermission.Role' was detected as changed. Consider using 'DbContextOptionsBuilder.EnableSensitiveDataLogging' to see key values.
dbug: Microsoft.EntityFrameworkCore.ChangeTracking[10806]
      Context 'AlFalahDbContext' started tracking 'RolePermission' entity. Consider using 'DbContextOptionsBuilder.EnableSensitiveDataLogging' to see key values.
dbug: Microsoft.EntityFrameworkCore.ChangeTracking[10805]
      The navigation 'RolePermission.Role' was detected as changed. Consider using 'DbContextOptionsBuilder.EnableSensitiveDataLogging' to see key values.
dbug: Microsoft.EntityFrameworkCore.ChangeTracking[10806]
      Context 'AlFalahDbContext' started tracking 'RolePermission' entity. Consider using 'DbContextOptionsBuilder.EnableSensitiveDataLogging' to see key values.
dbug: Microsoft.EntityFrameworkCore.ChangeTracking[10805]
      The navigation 'RolePermission.Role' was detected as changed. Consider using 'DbContextOptionsBuilder.EnableSensitiveDataLogging' to see key values.
dbug: Microsoft.EntityFrameworkCore.ChangeTracking[10806]
      Context 'AlFalahDbContext' started tracking 'RolePermission' entity. Consider using 'DbContextOptionsBuilder.EnableSensitiveDataLogging' to see key values.
dbug: Microsoft.EntityFrameworkCore.ChangeTracking[10805]
      The navigation 'RolePermission.Role' was detected as changed. Consider using 'DbContextOptionsBuilder.EnableSensitiveDataLogging' to see key values.
dbug: Microsoft.EntityFrameworkCore.ChangeTracking[10806]
      Context 'AlFalahDbContext' started tracking 'RolePermission' entity. Consider using 'DbContextOptionsBuilder.EnableSensitiveDataLogging' to see key values.
dbug: Microsoft.EntityFrameworkCore.ChangeTracking[10805]
      The navigation 'RolePermission.Role' was detected as changed. Consider using 'DbContextOptionsBuilder.EnableSensitiveDataLogging' to see key values.
dbug: Microsoft.EntityFrameworkCore.ChangeTracking[10806]
      Context 'AlFalahDbContext' started tracking 'RolePermission' entity. Consider using 'DbContextOptionsBuilder.EnableSensitiveDataLogging' to see key values.
dbug: Microsoft.EntityFrameworkCore.ChangeTracking[10805]
      The navigation 'RolePermission.Role' was detected as changed. Consider using 'DbContextOptionsBuilder.EnableSensitiveDataLogging' to see key values.
dbug: Microsoft.EntityFrameworkCore.ChangeTracking[10806]
      Context 'AlFalahDbContext' started tracking 'RolePermission' entity. Consider using 'DbContextOptionsBuilder.EnableSensitiveDataLogging' to see key values.
dbug: Microsoft.EntityFrameworkCore.ChangeTracking[10805]
      The navigation 'RolePermission.Role' was detected as changed. Consider using 'DbContextOptionsBuilder.EnableSensitiveDataLogging' to see key values.
dbug: Microsoft.EntityFrameworkCore.ChangeTracking[10806]
      Context 'AlFalahDbContext' started tracking 'RolePermission' entity. Consider using 'DbContextOptionsBuilder.EnableSensitiveDataLogging' to see key values.
dbug: Microsoft.EntityFrameworkCore.ChangeTracking[10805]
      The navigation 'RolePermission.Role' was detected as changed. Consider using 'DbContextOptionsBuilder.EnableSensitiveDataLogging' to see key values.
dbug: Microsoft.EntityFrameworkCore.ChangeTracking[10806]
      Context 'AlFalahDbContext' started tracking 'RolePermission' entity. Consider using 'DbContextOptionsBuilder.EnableSensitiveDataLogging' to see key values.
dbug: Microsoft.EntityFrameworkCore.ChangeTracking[10805]
      The navigation 'RolePermission.Role' was detected as changed. Consider using 'DbContextOptionsBuilder.EnableSensitiveDataLogging' to see key values.
dbug: Microsoft.EntityFrameworkCore.ChangeTracking[10806]
      Context 'AlFalahDbContext' started tracking 'RolePermission' entity. Consider using 'DbContextOptionsBuilder.EnableSensitiveDataLogging' to see key values.
dbug: Microsoft.EntityFrameworkCore.ChangeTracking[10805]
      The navigation 'RolePermission.Role' was detected as changed. Consider using 'DbContextOptionsBuilder.EnableSensitiveDataLogging' to see key values.
dbug: Microsoft.EntityFrameworkCore.ChangeTracking[10806]
      Context 'AlFalahDbContext' started tracking 'RolePermission' entity. Consider using 'DbContextOptionsBuilder.EnableSensitiveDataLogging' to see key values.
dbug: Microsoft.EntityFrameworkCore.ChangeTracking[10805]
      The navigation 'RolePermission.Role' was detected as changed. Consider using 'DbContextOptionsBuilder.EnableSensitiveDataLogging' to see key values.
dbug: Microsoft.EntityFrameworkCore.ChangeTracking[10806]
      Context 'AlFalahDbContext' started tracking 'RolePermission' entity. Consider using 'DbContextOptionsBuilder.EnableSensitiveDataLogging' to see key values.
dbug: Microsoft.EntityFrameworkCore.ChangeTracking[10805]
      The navigation 'RolePermission.Role' was detected as changed. Consider using 'DbContextOptionsBuilder.EnableSensitiveDataLogging' to see key values.
dbug: Microsoft.EntityFrameworkCore.ChangeTracking[10806]
      Context 'AlFalahDbContext' started tracking 'RolePermission' entity. Consider using 'DbContextOptionsBuilder.EnableSensitiveDataLogging' to see key values.
dbug: Microsoft.EntityFrameworkCore.ChangeTracking[10805]
      The navigation 'RolePermission.Role' was detected as changed. Consider using 'DbContextOptionsBuilder.EnableSensitiveDataLogging' to see key values.
dbug: Microsoft.EntityFrameworkCore.ChangeTracking[10806]
      Context 'AlFalahDbContext' started tracking 'RolePermission' entity. Consider using 'DbContextOptionsBuilder.EnableSensitiveDataLogging' to see key values.
dbug: Microsoft.EntityFrameworkCore.ChangeTracking[10805]
      The navigation 'RolePermission.Role' was detected as changed. Consider using 'DbContextOptionsBuilder.EnableSensitiveDataLogging' to see key values.
dbug: Microsoft.EntityFrameworkCore.ChangeTracking[10806]
      Context 'AlFalahDbContext' started tracking 'RolePermission' entity. Consider using 'DbContextOptionsBuilder.EnableSensitiveDataLogging' to see key values.
dbug: Microsoft.EntityFrameworkCore.ChangeTracking[10805]
      The navigation 'RolePermission.Role' was detected as changed. Consider using 'DbContextOptionsBuilder.EnableSensitiveDataLogging' to see key values.
dbug: Microsoft.EntityFrameworkCore.ChangeTracking[10806]
      Context 'AlFalahDbContext' started tracking 'RolePermission' entity. Consider using 'DbContextOptionsBuilder.EnableSensitiveDataLogging' to see key values.
dbug: Microsoft.EntityFrameworkCore.ChangeTracking[10805]
      The navigation 'RolePermission.Role' was detected as changed. Consider using 'DbContextOptionsBuilder.EnableSensitiveDataLogging' to see key values.
dbug: Microsoft.EntityFrameworkCore.ChangeTracking[10806]
      Context 'AlFalahDbContext' started tracking 'RolePermission' entity. Consider using 'DbContextOptionsBuilder.EnableSensitiveDataLogging' to see key values.
dbug: Microsoft.EntityFrameworkCore.ChangeTracking[10805]
      The navigation 'RolePermission.Role' was detected as changed. Consider using 'DbContextOptionsBuilder.EnableSensitiveDataLogging' to see key values.
dbug: Microsoft.EntityFrameworkCore.ChangeTracking[10806]
      Context 'AlFalahDbContext' started tracking 'RolePermission' entity. Consider using 'DbContextOptionsBuilder.EnableSensitiveDataLogging' to see key values.
dbug: Microsoft.EntityFrameworkCore.ChangeTracking[10805]
      The navigation 'RolePermission.Role' was detected as changed. Consider using 'DbContextOptionsBuilder.EnableSensitiveDataLogging' to see key values.
dbug: Microsoft.EntityFrameworkCore.ChangeTracking[10806]
      Context 'AlFalahDbContext' started tracking 'RolePermission' entity. Consider using 'DbContextOptionsBuilder.EnableSensitiveDataLogging' to see key values.
dbug: Microsoft.EntityFrameworkCore.ChangeTracking[10805]
      The navigation 'RolePermission.Role' was detected as changed. Consider using 'DbContextOptionsBuilder.EnableSensitiveDataLogging' to see key values.
dbug: Microsoft.EntityFrameworkCore.ChangeTracking[10806]
      Context 'AlFalahDbContext' started tracking 'RolePermission' entity. Consider using 'DbContextOptionsBuilder.EnableSensitiveDataLogging' to see key values.
dbug: Microsoft.EntityFrameworkCore.ChangeTracking[10805]
      The navigation 'RolePermission.Role' was detected as changed. Consider using 'DbContextOptionsBuilder.EnableSensitiveDataLogging' to see key values.
dbug: Microsoft.EntityFrameworkCore.ChangeTracking[10806]
      Context 'AlFalahDbContext' started tracking 'RolePermission' entity. Consider using 'DbContextOptionsBuilder.EnableSensitiveDataLogging' to see key values.
dbug: Microsoft.EntityFrameworkCore.ChangeTracking[10805]
      The navigation 'RolePermission.Role' was detected as changed. Consider using 'DbContextOptionsBuilder.EnableSensitiveDataLogging' to see key values.
dbug: Microsoft.EntityFrameworkCore.ChangeTracking[10806]
      Context 'AlFalahDbContext' started tracking 'RolePermission' entity. Consider using 'DbContextOptionsBuilder.EnableSensitiveDataLogging' to see key values.
dbug: Microsoft.EntityFrameworkCore.ChangeTracking[10805]
      The navigation 'RolePermission.Role' was detected as changed. Consider using 'DbContextOptionsBuilder.EnableSensitiveDataLogging' to see key values.
dbug: Microsoft.EntityFrameworkCore.ChangeTracking[10806]
      Context 'AlFalahDbContext' started tracking 'RolePermission' entity. Consider using 'DbContextOptionsBuilder.EnableSensitiveDataLogging' to see key values.
dbug: Microsoft.EntityFrameworkCore.ChangeTracking[10805]
      The navigation 'RolePermission.Role' was detected as changed. Consider using 'DbContextOptionsBuilder.EnableSensitiveDataLogging' to see key values.
dbug: Microsoft.EntityFrameworkCore.ChangeTracking[10806]
      Context 'AlFalahDbContext' started tracking 'RolePermission' entity. Consider using 'DbContextOptionsBuilder.EnableSensitiveDataLogging' to see key values.
dbug: Microsoft.EntityFrameworkCore.ChangeTracking[10805]
      The navigation 'RolePermission.Role' was detected as changed. Consider using 'DbContextOptionsBuilder.EnableSensitiveDataLogging' to see key values.
dbug: Microsoft.EntityFrameworkCore.ChangeTracking[10806]
      Context 'AlFalahDbContext' started tracking 'RolePermission' entity. Consider using 'DbContextOptionsBuilder.EnableSensitiveDataLogging' to see key values.
dbug: Microsoft.EntityFrameworkCore.ChangeTracking[10805]
      The navigation 'RolePermission.Role' was detected as changed. Consider using 'DbContextOptionsBuilder.EnableSensitiveDataLogging' to see key values.
dbug: Microsoft.EntityFrameworkCore.ChangeTracking[10806]
      Context 'AlFalahDbContext' started tracking 'RolePermission' entity. Consider using 'DbContextOptionsBuilder.EnableSensitiveDataLogging' to see key values.
dbug: Microsoft.EntityFrameworkCore.ChangeTracking[10805]
      The navigation 'RolePermission.Role' was detected as changed. Consider using 'DbContextOptionsBuilder.EnableSensitiveDataLogging' to see key values.
dbug: Microsoft.EntityFrameworkCore.ChangeTracking[10806]
      Context 'AlFalahDbContext' started tracking 'RolePermission' entity. Consider using 'DbContextOptionsBuilder.EnableSensitiveDataLogging' to see key values.
dbug: Microsoft.EntityFrameworkCore.ChangeTracking[10805]
      The navigation 'RolePermission.Role' was detected as changed. Consider using 'DbContextOptionsBuilder.EnableSensitiveDataLogging' to see key values.
dbug: Microsoft.EntityFrameworkCore.ChangeTracking[10806]
      Context 'AlFalahDbContext' started tracking 'RolePermission' entity. Consider using 'DbContextOptionsBuilder.EnableSensitiveDataLogging' to see key values.
dbug: Microsoft.EntityFrameworkCore.ChangeTracking[10805]
      The navigation 'RolePermission.Role' was detected as changed. Consider using 'DbContextOptionsBuilder.EnableSensitiveDataLogging' to see key values.
dbug: Microsoft.EntityFrameworkCore.ChangeTracking[10806]
      Context 'AlFalahDbContext' started tracking 'RolePermission' entity. Consider using 'DbContextOptionsBuilder.EnableSensitiveDataLogging' to see key values.
dbug: Microsoft.EntityFrameworkCore.ChangeTracking[10805]
      The navigation 'RolePermission.Role' was detected as changed. Consider using 'DbContextOptionsBuilder.EnableSensitiveDataLogging' to see key values.
dbug: Microsoft.EntityFrameworkCore.ChangeTracking[10806]
      Context 'AlFalahDbContext' started tracking 'RolePermission' entity. Consider using 'DbContextOptionsBuilder.EnableSensitiveDataLogging' to see key values.
dbug: Microsoft.EntityFrameworkCore.ChangeTracking[10805]
      The navigation 'RolePermission.Role' was detected as changed. Consider using 'DbContextOptionsBuilder.EnableSensitiveDataLogging' to see key values.
dbug: Microsoft.EntityFrameworkCore.ChangeTracking[10806]
      Context 'AlFalahDbContext' started tracking 'RolePermission' entity. Consider using 'DbContextOptionsBuilder.EnableSensitiveDataLogging' to see key values.
dbug: Microsoft.EntityFrameworkCore.ChangeTracking[10805]
      The navigation 'RolePermission.Role' was detected as changed. Consider using 'DbContextOptionsBuilder.EnableSensitiveDataLogging' to see key values.
dbug: Microsoft.EntityFrameworkCore.ChangeTracking[10806]
      Context 'AlFalahDbContext' started tracking 'RolePermission' entity. Consider using 'DbContextOptionsBuilder.EnableSensitiveDataLogging' to see key values.
dbug: Microsoft.EntityFrameworkCore.ChangeTracking[10805]
      The navigation 'RolePermission.Role' was detected as changed. Consider using 'DbContextOptionsBuilder.EnableSensitiveDataLogging' to see key values.
dbug: Microsoft.EntityFrameworkCore.ChangeTracking[10806]
      Context 'AlFalahDbContext' started tracking 'RolePermission' entity. Consider using 'DbContextOptionsBuilder.EnableSensitiveDataLogging' to see key values.
dbug: Microsoft.EntityFrameworkCore.ChangeTracking[10805]
      The navigation 'RolePermission.Role' was detected as changed. Consider using 'DbContextOptionsBuilder.EnableSensitiveDataLogging' to see key values.
dbug: Microsoft.EntityFrameworkCore.ChangeTracking[10806]
      Context 'AlFalahDbContext' started tracking 'RolePermission' entity. Consider using 'DbContextOptionsBuilder.EnableSensitiveDataLogging' to see key values.
dbug: Microsoft.EntityFrameworkCore.ChangeTracking[10805]
      The navigation 'RolePermission.Role' was detected as changed. Consider using 'DbContextOptionsBuilder.EnableSensitiveDataLogging' to see key values.
dbug: Microsoft.EntityFrameworkCore.ChangeTracking[10806]
      Context 'AlFalahDbContext' started tracking 'RolePermission' entity. Consider using 'DbContextOptionsBuilder.EnableSensitiveDataLogging' to see key values.
dbug: Microsoft.EntityFrameworkCore.ChangeTracking[10805]
      The navigation 'RolePermission.Role' was detected as changed. Consider using 'DbContextOptionsBuilder.EnableSensitiveDataLogging' to see key values.
dbug: Microsoft.EntityFrameworkCore.ChangeTracking[10806]
      Context 'AlFalahDbContext' started tracking 'RolePermission' entity. Consider using 'DbContextOptionsBuilder.EnableSensitiveDataLogging' to see key values.
dbug: Microsoft.EntityFrameworkCore.ChangeTracking[10805]
      The navigation 'RolePermission.Role' was detected as changed. Consider using 'DbContextOptionsBuilder.EnableSensitiveDataLogging' to see key values.
dbug: Microsoft.EntityFrameworkCore.ChangeTracking[10806]
      Context 'AlFalahDbContext' started tracking 'RolePermission' entity. Consider using 'DbContextOptionsBuilder.EnableSensitiveDataLogging' to see key values.
dbug: Microsoft.EntityFrameworkCore.ChangeTracking[10805]
      The navigation 'RolePermission.Role' was detected as changed. Consider using 'DbContextOptionsBuilder.EnableSensitiveDataLogging' to see key values.
dbug: Microsoft.EntityFrameworkCore.ChangeTracking[10806]
      Context 'AlFalahDbContext' started tracking 'RolePermission' entity. Consider using 'DbContextOptionsBuilder.EnableSensitiveDataLogging' to see key values.
dbug: Microsoft.EntityFrameworkCore.ChangeTracking[10805]
      The navigation 'RolePermission.Role' was detected as changed. Consider using 'DbContextOptionsBuilder.EnableSensitiveDataLogging' to see key values.
dbug: Microsoft.EntityFrameworkCore.ChangeTracking[10806]
      Context 'AlFalahDbContext' started tracking 'RolePermission' entity. Consider using 'DbContextOptionsBuilder.EnableSensitiveDataLogging' to see key values.
dbug: Microsoft.EntityFrameworkCore.ChangeTracking[10805]
      The navigation 'RolePermission.Role' was detected as changed. Consider using 'DbContextOptionsBuilder.EnableSensitiveDataLogging' to see key values.
dbug: Microsoft.EntityFrameworkCore.ChangeTracking[10806]
      Context 'AlFalahDbContext' started tracking 'RolePermission' entity. Consider using 'DbContextOptionsBuilder.EnableSensitiveDataLogging' to see key values.
dbug: Microsoft.EntityFrameworkCore.ChangeTracking[10805]
      The navigation 'RolePermission.Role' was detected as changed. Consider using 'DbContextOptionsBuilder.EnableSensitiveDataLogging' to see key values.
dbug: Microsoft.EntityFrameworkCore.ChangeTracking[10806]
      Context 'AlFalahDbContext' started tracking 'RolePermission' entity. Consider using 'DbContextOptionsBuilder.EnableSensitiveDataLogging' to see key values.
dbug: Microsoft.EntityFrameworkCore.ChangeTracking[10805]
      The navigation 'RolePermission.Role' was detected as changed. Consider using 'DbContextOptionsBuilder.EnableSensitiveDataLogging' to see key values.
dbug: Microsoft.EntityFrameworkCore.ChangeTracking[10806]
      Context 'AlFalahDbContext' started tracking 'RolePermission' entity. Consider using 'DbContextOptionsBuilder.EnableSensitiveDataLogging' to see key values.
dbug: Microsoft.EntityFrameworkCore.ChangeTracking[10805]
      The navigation 'RolePermission.Role' was detected as changed. Consider using 'DbContextOptionsBuilder.EnableSensitiveDataLogging' to see key values.
dbug: Microsoft.EntityFrameworkCore.ChangeTracking[10806]
      Context 'AlFalahDbContext' started tracking 'RolePermission' entity. Consider using 'DbContextOptionsBuilder.EnableSensitiveDataLogging' to see key values.
dbug: Microsoft.EntityFrameworkCore.ChangeTracking[10805]
      The navigation 'RolePermission.Role' was detected as changed. Consider using 'DbContextOptionsBuilder.EnableSensitiveDataLogging' to see key values.
dbug: Microsoft.EntityFrameworkCore.ChangeTracking[10806]
      Context 'AlFalahDbContext' started tracking 'RolePermission' entity. Consider using 'DbContextOptionsBuilder.EnableSensitiveDataLogging' to see key values.
dbug: Microsoft.EntityFrameworkCore.ChangeTracking[10805]
      The navigation 'RolePermission.Role' was detected as changed. Consider using 'DbContextOptionsBuilder.EnableSensitiveDataLogging' to see key values.
dbug: Microsoft.EntityFrameworkCore.ChangeTracking[10806]
      Context 'AlFalahDbContext' started tracking 'RolePermission' entity. Consider using 'DbContextOptionsBuilder.EnableSensitiveDataLogging' to see key values.
dbug: Microsoft.EntityFrameworkCore.Database.Connection[20002]
      Closing connection to database 'AlFalahDb' on server '(localdb)\mssqllocaldb'.
dbug: Microsoft.EntityFrameworkCore.Database.Connection[20003]
      Closed connection to database 'AlFalahDb' on server '(localdb)\mssqllocaldb' (0ms).
dbug: Microsoft.EntityFrameworkCore.Database.Connection[20000]
      Opening connection to database 'AlFalahDb' on server '(localdb)\mssqllocaldb'.
dbug: Microsoft.EntityFrameworkCore.Database.Connection[20001]
      Opened connection to database 'AlFalahDb' on server '(localdb)\mssqllocaldb'.
info: Microsoft.EntityFrameworkCore.Database.Command[20101]
      Executed DbCommand (1ms) [Parameters=[@__normalizedName_0='?' (Size = 256)], CommandType='Text', CommandTimeout='30']
      SELECT TOP(1) [r].[Id], [r].[ConcurrencyStamp], [r].[CreatedAt], [r].[DescriptionAr], [r].[DescriptionEn], [r].[IsActive], [r].[Name], [r].[NormalizedName]
      FROM [Roles] AS [r]
      WHERE [r].[NormalizedName] = @__normalizedName_0
dbug: Microsoft.EntityFrameworkCore.Database.Connection[20002]
      Closing connection to database 'AlFalahDb' on server '(localdb)\mssqllocaldb'.
dbug: Microsoft.EntityFrameworkCore.Database.Connection[20003]
      Closed connection to database 'AlFalahDb' on server '(localdb)\mssqllocaldb' (0ms).
dbug: Microsoft.EntityFrameworkCore.Database.Connection[20000]
      Opening connection to database 'AlFalahDb' on server '(localdb)\mssqllocaldb'.
dbug: Microsoft.EntityFrameworkCore.Database.Connection[20001]
      Opened connection to database 'AlFalahDb' on server '(localdb)\mssqllocaldb'.
info: Microsoft.EntityFrameworkCore.Database.Command[20101]
      Executed DbCommand (0ms) [Parameters=[@__permName_0='?' (Size = 4000)], CommandType='Text', CommandTimeout='30']
      SELECT TOP(1) [p].[Id], [p].[CreatedAt], [p].[DescriptionAr], [p].[DescriptionEn], [p].[Group], [p].[Name]
      FROM [Permissions] AS [p]
      WHERE [p].[Name] = @__permName_0
dbug: Microsoft.EntityFrameworkCore.Database.Connection[20002]
      Closing connection to database 'AlFalahDb' on server '(localdb)\mssqllocaldb'.
dbug: Microsoft.EntityFrameworkCore.Database.Connection[20003]
      Closed connection to database 'AlFalahDb' on server '(localdb)\mssqllocaldb' (0ms).
dbug: Microsoft.EntityFrameworkCore.Database.Connection[20000]
      Opening connection to database 'AlFalahDb' on server '(localdb)\mssqllocaldb'.
dbug: Microsoft.EntityFrameworkCore.Database.Connection[20001]
      Opened connection to database 'AlFalahDb' on server '(localdb)\mssqllocaldb'.
info: Microsoft.EntityFrameworkCore.Database.Command[20101]
      Executed DbCommand (0ms) [Parameters=[@__permName_0='?' (Size = 4000)], CommandType='Text', CommandTimeout='30']
      SELECT TOP(1) [p].[Id], [p].[CreatedAt], [p].[DescriptionAr], [p].[DescriptionEn], [p].[Group], [p].[Name]
      FROM [Permissions] AS [p]
      WHERE [p].[Name] = @__permName_0
dbug: Microsoft.EntityFrameworkCore.Database.Connection[20002]
      Closing connection to database 'AlFalahDb' on server '(localdb)\mssqllocaldb'.
dbug: Microsoft.EntityFrameworkCore.Database.Connection[20003]
      Closed connection to database 'AlFalahDb' on server '(localdb)\mssqllocaldb' (0ms).
dbug: Microsoft.EntityFrameworkCore.Database.Connection[20000]
      Opening connection to database 'AlFalahDb' on server '(localdb)\mssqllocaldb'.
dbug: Microsoft.EntityFrameworkCore.Database.Connection[20001]
      Opened connection to database 'AlFalahDb' on server '(localdb)\mssqllocaldb'.
info: Microsoft.EntityFrameworkCore.Database.Command[20101]
      Executed DbCommand (0ms) [Parameters=[@__permName_0='?' (Size = 4000)], CommandType='Text', CommandTimeout='30']
      SELECT TOP(1) [p].[Id], [p].[CreatedAt], [p].[DescriptionAr], [p].[DescriptionEn], [p].[Group], [p].[Name]
      FROM [Permissions] AS [p]
      WHERE [p].[Name] = @__permName_0
dbug: Microsoft.EntityFrameworkCore.Database.Connection[20002]
      Closing connection to database 'AlFalahDb' on server '(localdb)\mssqllocaldb'.
dbug: Microsoft.EntityFrameworkCore.Database.Connection[20003]
      Closed connection to database 'AlFalahDb' on server '(localdb)\mssqllocaldb' (0ms).
dbug: Microsoft.EntityFrameworkCore.Database.Connection[20000]
      Opening connection to database 'AlFalahDb' on server '(localdb)\mssqllocaldb'.
dbug: Microsoft.EntityFrameworkCore.Database.Connection[20001]
      Opened connection to database 'AlFalahDb' on server '(localdb)\mssqllocaldb'.
info: Microsoft.EntityFrameworkCore.Database.Command[20101]
      Executed DbCommand (0ms) [Parameters=[@__permName_0='?' (Size = 4000)], CommandType='Text', CommandTimeout='30']
      SELECT TOP(1) [p].[Id], [p].[CreatedAt], [p].[DescriptionAr], [p].[DescriptionEn], [p].[Group], [p].[Name]
      FROM [Permissions] AS [p]
      WHERE [p].[Name] = @__permName_0
dbug: Microsoft.EntityFrameworkCore.Database.Connection[20002]
      Closing connection to database 'AlFalahDb' on server '(localdb)\mssqllocaldb'.
dbug: Microsoft.EntityFrameworkCore.Database.Connection[20003]
      Closed connection to database 'AlFalahDb' on server '(localdb)\mssqllocaldb' (0ms).
dbug: Microsoft.EntityFrameworkCore.Database.Connection[20000]
      Opening connection to database 'AlFalahDb' on server '(localdb)\mssqllocaldb'.
dbug: Microsoft.EntityFrameworkCore.Database.Connection[20001]
      Opened connection to database 'AlFalahDb' on server '(localdb)\mssqllocaldb'.
info: Microsoft.EntityFrameworkCore.Database.Command[20101]
      Executed DbCommand (0ms) [Parameters=[@__permName_0='?' (Size = 4000)], CommandType='Text', CommandTimeout='30']
      SELECT TOP(1) [p].[Id], [p].[CreatedAt], [p].[DescriptionAr], [p].[DescriptionEn], [p].[Group], [p].[Name]
      FROM [Permissions] AS [p]
      WHERE [p].[Name] = @__permName_0
dbug: Microsoft.EntityFrameworkCore.Database.Connection[20002]
      Closing connection to database 'AlFalahDb' on server '(localdb)\mssqllocaldb'.
dbug: Microsoft.EntityFrameworkCore.Database.Connection[20003]
      Closed connection to database 'AlFalahDb' on server '(localdb)\mssqllocaldb' (0ms).
dbug: Microsoft.EntityFrameworkCore.Database.Connection[20000]
      Opening connection to database 'AlFalahDb' on server '(localdb)\mssqllocaldb'.
dbug: Microsoft.EntityFrameworkCore.Database.Connection[20001]
      Opened connection to database 'AlFalahDb' on server '(localdb)\mssqllocaldb'.
info: Microsoft.EntityFrameworkCore.Database.Command[20101]
      Executed DbCommand (0ms) [Parameters=[@__permName_0='?' (Size = 4000)], CommandType='Text', CommandTimeout='30']
      SELECT TOP(1) [p].[Id], [p].[CreatedAt], [p].[DescriptionAr], [p].[DescriptionEn], [p].[Group], [p].[Name]
      FROM [Permissions] AS [p]
      WHERE [p].[Name] = @__permName_0
dbug: Microsoft.EntityFrameworkCore.Database.Connection[20002]
      Closing connection to database 'AlFalahDb' on server '(localdb)\mssqllocaldb'.
dbug: Microsoft.EntityFrameworkCore.Database.Connection[20003]
      Closed connection to database 'AlFalahDb' on server '(localdb)\mssqllocaldb' (0ms).
dbug: Microsoft.EntityFrameworkCore.Database.Connection[20000]
      Opening connection to database 'AlFalahDb' on server '(localdb)\mssqllocaldb'.
dbug: Microsoft.EntityFrameworkCore.Database.Connection[20001]
      Opened connection to database 'AlFalahDb' on server '(localdb)\mssqllocaldb'.
info: Microsoft.EntityFrameworkCore.Database.Command[20101]
      Executed DbCommand (0ms) [Parameters=[@__permName_0='?' (Size = 4000)], CommandType='Text', CommandTimeout='30']
      SELECT TOP(1) [p].[Id], [p].[CreatedAt], [p].[DescriptionAr], [p].[DescriptionEn], [p].[Group], [p].[Name]
      FROM [Permissions] AS [p]
      WHERE [p].[Name] = @__permName_0
dbug: Microsoft.EntityFrameworkCore.Database.Connection[20002]
      Closing connection to database 'AlFalahDb' on server '(localdb)\mssqllocaldb'.
dbug: Microsoft.EntityFrameworkCore.Database.Connection[20003]
      Closed connection to database 'AlFalahDb' on server '(localdb)\mssqllocaldb' (0ms).
dbug: Microsoft.EntityFrameworkCore.Database.Connection[20000]
      Opening connection to database 'AlFalahDb' on server '(localdb)\mssqllocaldb'.
dbug: Microsoft.EntityFrameworkCore.Database.Connection[20001]
      Opened connection to database 'AlFalahDb' on server '(localdb)\mssqllocaldb'.
info: Microsoft.EntityFrameworkCore.Database.Command[20101]
      Executed DbCommand (0ms) [Parameters=[@__permName_0='?' (Size = 4000)], CommandType='Text', CommandTimeout='30']
      SELECT TOP(1) [p].[Id], [p].[CreatedAt], [p].[DescriptionAr], [p].[DescriptionEn], [p].[Group], [p].[Name]
      FROM [Permissions] AS [p]
      WHERE [p].[Name] = @__permName_0
dbug: Microsoft.EntityFrameworkCore.Database.Connection[20002]
      Closing connection to database 'AlFalahDb' on server '(localdb)\mssqllocaldb'.
dbug: Microsoft.EntityFrameworkCore.Database.Connection[20003]
      Closed connection to database 'AlFalahDb' on server '(localdb)\mssqllocaldb' (0ms).
dbug: Microsoft.EntityFrameworkCore.Database.Connection[20000]
      Opening connection to database 'AlFalahDb' on server '(localdb)\mssqllocaldb'.
dbug: Microsoft.EntityFrameworkCore.Database.Connection[20001]
      Opened connection to database 'AlFalahDb' on server '(localdb)\mssqllocaldb'.
info: Microsoft.EntityFrameworkCore.Database.Command[20101]
      Executed DbCommand (0ms) [Parameters=[@__permName_0='?' (Size = 4000)], CommandType='Text', CommandTimeout='30']
      SELECT TOP(1) [p].[Id], [p].[CreatedAt], [p].[DescriptionAr], [p].[DescriptionEn], [p].[Group], [p].[Name]
      FROM [Permissions] AS [p]
      WHERE [p].[Name] = @__permName_0
dbug: Microsoft.EntityFrameworkCore.Database.Connection[20002]
      Closing connection to database 'AlFalahDb' on server '(localdb)\mssqllocaldb'.
dbug: Microsoft.EntityFrameworkCore.Database.Connection[20003]
      Closed connection to database 'AlFalahDb' on server '(localdb)\mssqllocaldb' (0ms).
dbug: Microsoft.EntityFrameworkCore.Database.Connection[20000]
      Opening connection to database 'AlFalahDb' on server '(localdb)\mssqllocaldb'.
dbug: Microsoft.EntityFrameworkCore.Database.Connection[20001]
      Opened connection to database 'AlFalahDb' on server '(localdb)\mssqllocaldb'.
info: Microsoft.EntityFrameworkCore.Database.Command[20101]
      Executed DbCommand (0ms) [Parameters=[@__permName_0='?' (Size = 4000)], CommandType='Text', CommandTimeout='30']
      SELECT TOP(1) [p].[Id], [p].[CreatedAt], [p].[DescriptionAr], [p].[DescriptionEn], [p].[Group], [p].[Name]
      FROM [Permissions] AS [p]
      WHERE [p].[Name] = @__permName_0
dbug: Microsoft.EntityFrameworkCore.Database.Connection[20002]
      Closing connection to database 'AlFalahDb' on server '(localdb)\mssqllocaldb'.
dbug: Microsoft.EntityFrameworkCore.Database.Connection[20003]
      Closed connection to database 'AlFalahDb' on server '(localdb)\mssqllocaldb' (0ms).
dbug: Microsoft.EntityFrameworkCore.Database.Connection[20000]
      Opening connection to database 'AlFalahDb' on server '(localdb)\mssqllocaldb'.
dbug: Microsoft.EntityFrameworkCore.Database.Connection[20001]
      Opened connection to database 'AlFalahDb' on server '(localdb)\mssqllocaldb'.
info: Microsoft.EntityFrameworkCore.Database.Command[20101]
      Executed DbCommand (0ms) [Parameters=[@__permName_0='?' (Size = 4000)], CommandType='Text', CommandTimeout='30']
      SELECT TOP(1) [p].[Id], [p].[CreatedAt], [p].[DescriptionAr], [p].[DescriptionEn], [p].[Group], [p].[Name]
      FROM [Permissions] AS [p]
      WHERE [p].[Name] = @__permName_0
dbug: Microsoft.EntityFrameworkCore.Database.Connection[20002]
      Closing connection to database 'AlFalahDb' on server '(localdb)\mssqllocaldb'.
dbug: Microsoft.EntityFrameworkCore.Database.Connection[20003]
      Closed connection to database 'AlFalahDb' on server '(localdb)\mssqllocaldb' (0ms).
dbug: Microsoft.EntityFrameworkCore.Database.Connection[20000]
      Opening connection to database 'AlFalahDb' on server '(localdb)\mssqllocaldb'.
dbug: Microsoft.EntityFrameworkCore.Database.Connection[20001]
      Opened connection to database 'AlFalahDb' on server '(localdb)\mssqllocaldb'.
info: Microsoft.EntityFrameworkCore.Database.Command[20101]
      Executed DbCommand (0ms) [Parameters=[@__permName_0='?' (Size = 4000)], CommandType='Text', CommandTimeout='30']
      SELECT TOP(1) [p].[Id], [p].[CreatedAt], [p].[DescriptionAr], [p].[DescriptionEn], [p].[Group], [p].[Name]
      FROM [Permissions] AS [p]
      WHERE [p].[Name] = @__permName_0
dbug: Microsoft.EntityFrameworkCore.Database.Connection[20002]
      Closing connection to database 'AlFalahDb' on server '(localdb)\mssqllocaldb'.
dbug: Microsoft.EntityFrameworkCore.Database.Connection[20003]
      Closed connection to database 'AlFalahDb' on server '(localdb)\mssqllocaldb' (0ms).
dbug: Microsoft.EntityFrameworkCore.Database.Connection[20000]
      Opening connection to database 'AlFalahDb' on server '(localdb)\mssqllocaldb'.
dbug: Microsoft.EntityFrameworkCore.Database.Connection[20001]
      Opened connection to database 'AlFalahDb' on server '(localdb)\mssqllocaldb'.
info: Microsoft.EntityFrameworkCore.Database.Command[20101]
      Executed DbCommand (0ms) [Parameters=[@__permName_0='?' (Size = 4000)], CommandType='Text', CommandTimeout='30']
      SELECT TOP(1) [p].[Id], [p].[CreatedAt], [p].[DescriptionAr], [p].[DescriptionEn], [p].[Group], [p].[Name]
      FROM [Permissions] AS [p]
      WHERE [p].[Name] = @__permName_0
dbug: Microsoft.EntityFrameworkCore.Database.Connection[20002]
      Closing connection to database 'AlFalahDb' on server '(localdb)\mssqllocaldb'.
dbug: Microsoft.EntityFrameworkCore.Database.Connection[20003]
      Closed connection to database 'AlFalahDb' on server '(localdb)\mssqllocaldb' (0ms).
dbug: Microsoft.EntityFrameworkCore.Database.Connection[20000]
      Opening connection to database 'AlFalahDb' on server '(localdb)\mssqllocaldb'.
dbug: Microsoft.EntityFrameworkCore.Database.Connection[20001]
      Opened connection to database 'AlFalahDb' on server '(localdb)\mssqllocaldb'.
info: Microsoft.EntityFrameworkCore.Database.Command[20101]
      Executed DbCommand (0ms) [Parameters=[@__permName_0='?' (Size = 4000)], CommandType='Text', CommandTimeout='30']
      SELECT TOP(1) [p].[Id], [p].[CreatedAt], [p].[DescriptionAr], [p].[DescriptionEn], [p].[Group], [p].[Name]
      FROM [Permissions] AS [p]
      WHERE [p].[Name] = @__permName_0
dbug: Microsoft.EntityFrameworkCore.Database.Connection[20002]
      Closing connection to database 'AlFalahDb' on server '(localdb)\mssqllocaldb'.
dbug: Microsoft.EntityFrameworkCore.Database.Connection[20003]
      Closed connection to database 'AlFalahDb' on server '(localdb)\mssqllocaldb' (0ms).
dbug: Microsoft.EntityFrameworkCore.Database.Connection[20000]
      Opening connection to database 'AlFalahDb' on server '(localdb)\mssqllocaldb'.
dbug: Microsoft.EntityFrameworkCore.Database.Connection[20001]
      Opened connection to database 'AlFalahDb' on server '(localdb)\mssqllocaldb'.
info: Microsoft.EntityFrameworkCore.Database.Command[20101]
      Executed DbCommand (0ms) [Parameters=[@__permName_0='?' (Size = 4000)], CommandType='Text', CommandTimeout='30']
      SELECT TOP(1) [p].[Id], [p].[CreatedAt], [p].[DescriptionAr], [p].[DescriptionEn], [p].[Group], [p].[Name]
      FROM [Permissions] AS [p]
      WHERE [p].[Name] = @__permName_0
dbug: Microsoft.EntityFrameworkCore.Database.Connection[20002]
      Closing connection to database 'AlFalahDb' on server '(localdb)\mssqllocaldb'.
dbug: Microsoft.EntityFrameworkCore.Database.Connection[20003]
      Closed connection to database 'AlFalahDb' on server '(localdb)\mssqllocaldb' (0ms).
dbug: Microsoft.EntityFrameworkCore.Database.Connection[20000]
      Opening connection to database 'AlFalahDb' on server '(localdb)\mssqllocaldb'.
dbug: Microsoft.EntityFrameworkCore.Database.Connection[20001]
      Opened connection to database 'AlFalahDb' on server '(localdb)\mssqllocaldb'.
info: Microsoft.EntityFrameworkCore.Database.Command[20101]
      Executed DbCommand (0ms) [Parameters=[@__permName_0='?' (Size = 4000)], CommandType='Text', CommandTimeout='30']
      SELECT TOP(1) [p].[Id], [p].[CreatedAt], [p].[DescriptionAr], [p].[DescriptionEn], [p].[Group], [p].[Name]
      FROM [Permissions] AS [p]
      WHERE [p].[Name] = @__permName_0
dbug: Microsoft.EntityFrameworkCore.Database.Connection[20002]
      Closing connection to database 'AlFalahDb' on server '(localdb)\mssqllocaldb'.
dbug: Microsoft.EntityFrameworkCore.Database.Connection[20003]
      Closed connection to database 'AlFalahDb' on server '(localdb)\mssqllocaldb' (0ms).
dbug: Microsoft.EntityFrameworkCore.Database.Connection[20000]
      Opening connection to database 'AlFalahDb' on server '(localdb)\mssqllocaldb'.
dbug: Microsoft.EntityFrameworkCore.Database.Connection[20001]
      Opened connection to database 'AlFalahDb' on server '(localdb)\mssqllocaldb'.
info: Microsoft.EntityFrameworkCore.Database.Command[20101]
      Executed DbCommand (0ms) [Parameters=[@__permName_0='?' (Size = 4000)], CommandType='Text', CommandTimeout='30']
      SELECT TOP(1) [p].[Id], [p].[CreatedAt], [p].[DescriptionAr], [p].[DescriptionEn], [p].[Group], [p].[Name]
      FROM [Permissions] AS [p]
      WHERE [p].[Name] = @__permName_0
dbug: Microsoft.EntityFrameworkCore.Database.Connection[20002]
      Closing connection to database 'AlFalahDb' on server '(localdb)\mssqllocaldb'.
dbug: Microsoft.EntityFrameworkCore.Database.Connection[20003]
      Closed connection to database 'AlFalahDb' on server '(localdb)\mssqllocaldb' (0ms).
dbug: Microsoft.EntityFrameworkCore.Database.Connection[20000]
      Opening connection to database 'AlFalahDb' on server '(localdb)\mssqllocaldb'.
dbug: Microsoft.EntityFrameworkCore.Database.Connection[20001]
      Opened connection to database 'AlFalahDb' on server '(localdb)\mssqllocaldb'.
info: Microsoft.EntityFrameworkCore.Database.Command[20101]
      Executed DbCommand (0ms) [Parameters=[@__permName_0='?' (Size = 4000)], CommandType='Text', CommandTimeout='30']
      SELECT TOP(1) [p].[Id], [p].[CreatedAt], [p].[DescriptionAr], [p].[DescriptionEn], [p].[Group], [p].[Name]
      FROM [Permissions] AS [p]
      WHERE [p].[Name] = @__permName_0
dbug: Microsoft.EntityFrameworkCore.Database.Connection[20002]
      Closing connection to database 'AlFalahDb' on server '(localdb)\mssqllocaldb'.
dbug: Microsoft.EntityFrameworkCore.Database.Connection[20003]
      Closed connection to database 'AlFalahDb' on server '(localdb)\mssqllocaldb' (0ms).
dbug: Microsoft.EntityFrameworkCore.Database.Connection[20000]
      Opening connection to database 'AlFalahDb' on server '(localdb)\mssqllocaldb'.
dbug: Microsoft.EntityFrameworkCore.Database.Connection[20001]
      Opened connection to database 'AlFalahDb' on server '(localdb)\mssqllocaldb'.
info: Microsoft.EntityFrameworkCore.Database.Command[20101]
      Executed DbCommand (0ms) [Parameters=[@__permName_0='?' (Size = 4000)], CommandType='Text', CommandTimeout='30']
      SELECT TOP(1) [p].[Id], [p].[CreatedAt], [p].[DescriptionAr], [p].[DescriptionEn], [p].[Group], [p].[Name]
      FROM [Permissions] AS [p]
      WHERE [p].[Name] = @__permName_0
dbug: Microsoft.EntityFrameworkCore.Database.Connection[20002]
      Closing connection to database 'AlFalahDb' on server '(localdb)\mssqllocaldb'.
dbug: Microsoft.EntityFrameworkCore.Database.Connection[20003]
      Closed connection to database 'AlFalahDb' on server '(localdb)\mssqllocaldb' (0ms).
dbug: Microsoft.EntityFrameworkCore.Database.Connection[20000]
      Opening connection to database 'AlFalahDb' on server '(localdb)\mssqllocaldb'.
dbug: Microsoft.EntityFrameworkCore.Database.Connection[20001]
      Opened connection to database 'AlFalahDb' on server '(localdb)\mssqllocaldb'.
info: Microsoft.EntityFrameworkCore.Database.Command[20101]
      Executed DbCommand (0ms) [Parameters=[@__permName_0='?' (Size = 4000)], CommandType='Text', CommandTimeout='30']
      SELECT TOP(1) [p].[Id], [p].[CreatedAt], [p].[DescriptionAr], [p].[DescriptionEn], [p].[Group], [p].[Name]
      FROM [Permissions] AS [p]
      WHERE [p].[Name] = @__permName_0
dbug: Microsoft.EntityFrameworkCore.Database.Connection[20002]
      Closing connection to database 'AlFalahDb' on server '(localdb)\mssqllocaldb'.
dbug: Microsoft.EntityFrameworkCore.Database.Connection[20003]
      Closed connection to database 'AlFalahDb' on server '(localdb)\mssqllocaldb' (0ms).
dbug: Microsoft.EntityFrameworkCore.Database.Connection[20000]
      Opening connection to database 'AlFalahDb' on server '(localdb)\mssqllocaldb'.
dbug: Microsoft.EntityFrameworkCore.Database.Connection[20001]
      Opened connection to database 'AlFalahDb' on server '(localdb)\mssqllocaldb'.
info: Microsoft.EntityFrameworkCore.Database.Command[20101]
      Executed DbCommand (0ms) [Parameters=[@__permName_0='?' (Size = 4000)], CommandType='Text', CommandTimeout='30']
      SELECT TOP(1) [p].[Id], [p].[CreatedAt], [p].[DescriptionAr], [p].[DescriptionEn], [p].[Group], [p].[Name]
      FROM [Permissions] AS [p]
      WHERE [p].[Name] = @__permName_0
dbug: Microsoft.EntityFrameworkCore.Database.Connection[20002]
      Closing connection to database 'AlFalahDb' on server '(localdb)\mssqllocaldb'.
dbug: Microsoft.EntityFrameworkCore.Database.Connection[20003]
      Closed connection to database 'AlFalahDb' on server '(localdb)\mssqllocaldb' (0ms).
dbug: Microsoft.EntityFrameworkCore.Database.Connection[20000]
      Opening connection to database 'AlFalahDb' on server '(localdb)\mssqllocaldb'.
dbug: Microsoft.EntityFrameworkCore.Database.Connection[20001]
      Opened connection to database 'AlFalahDb' on server '(localdb)\mssqllocaldb'.
info: Microsoft.EntityFrameworkCore.Database.Command[20101]
      Executed DbCommand (0ms) [Parameters=[@__permName_0='?' (Size = 4000)], CommandType='Text', CommandTimeout='30']
      SELECT TOP(1) [p].[Id], [p].[CreatedAt], [p].[DescriptionAr], [p].[DescriptionEn], [p].[Group], [p].[Name]
      FROM [Permissions] AS [p]
      WHERE [p].[Name] = @__permName_0
dbug: Microsoft.EntityFrameworkCore.Database.Connection[20002]
      Closing connection to database 'AlFalahDb' on server '(localdb)\mssqllocaldb'.
dbug: Microsoft.EntityFrameworkCore.Database.Connection[20003]
      Closed connection to database 'AlFalahDb' on server '(localdb)\mssqllocaldb' (0ms).
dbug: Microsoft.EntityFrameworkCore.Database.Connection[20000]
      Opening connection to database 'AlFalahDb' on server '(localdb)\mssqllocaldb'.
dbug: Microsoft.EntityFrameworkCore.Database.Connection[20001]
      Opened connection to database 'AlFalahDb' on server '(localdb)\mssqllocaldb'.
info: Microsoft.EntityFrameworkCore.Database.Command[20101]
      Executed DbCommand (0ms) [Parameters=[@__permName_0='?' (Size = 4000)], CommandType='Text', CommandTimeout='30']
      SELECT TOP(1) [p].[Id], [p].[CreatedAt], [p].[DescriptionAr], [p].[DescriptionEn], [p].[Group], [p].[Name]
      FROM [Permissions] AS [p]
      WHERE [p].[Name] = @__permName_0
dbug: Microsoft.EntityFrameworkCore.Database.Connection[20002]
      Closing connection to database 'AlFalahDb' on server '(localdb)\mssqllocaldb'.
dbug: Microsoft.EntityFrameworkCore.Database.Connection[20003]
      Closed connection to database 'AlFalahDb' on server '(localdb)\mssqllocaldb' (0ms).
dbug: Microsoft.EntityFrameworkCore.Database.Connection[20000]
      Opening connection to database 'AlFalahDb' on server '(localdb)\mssqllocaldb'.
dbug: Microsoft.EntityFrameworkCore.Database.Connection[20001]
      Opened connection to database 'AlFalahDb' on server '(localdb)\mssqllocaldb'.
info: Microsoft.EntityFrameworkCore.Database.Command[20101]
      Executed DbCommand (0ms) [Parameters=[@__permName_0='?' (Size = 4000)], CommandType='Text', CommandTimeout='30']
      SELECT TOP(1) [p].[Id], [p].[CreatedAt], [p].[DescriptionAr], [p].[DescriptionEn], [p].[Group], [p].[Name]
      FROM [Permissions] AS [p]
      WHERE [p].[Name] = @__permName_0
dbug: Microsoft.EntityFrameworkCore.Database.Connection[20002]
      Closing connection to database 'AlFalahDb' on server '(localdb)\mssqllocaldb'.
dbug: Microsoft.EntityFrameworkCore.Database.Connection[20003]
      Closed connection to database 'AlFalahDb' on server '(localdb)\mssqllocaldb' (0ms).
dbug: Microsoft.EntityFrameworkCore.Database.Connection[20000]
      Opening connection to database 'AlFalahDb' on server '(localdb)\mssqllocaldb'.
dbug: Microsoft.EntityFrameworkCore.Database.Connection[20001]
      Opened connection to database 'AlFalahDb' on server '(localdb)\mssqllocaldb'.
info: Microsoft.EntityFrameworkCore.Database.Command[20101]
      Executed DbCommand (0ms) [Parameters=[@__permName_0='?' (Size = 4000)], CommandType='Text', CommandTimeout='30']
      SELECT TOP(1) [p].[Id], [p].[CreatedAt], [p].[DescriptionAr], [p].[DescriptionEn], [p].[Group], [p].[Name]
      FROM [Permissions] AS [p]
      WHERE [p].[Name] = @__permName_0
dbug: Microsoft.EntityFrameworkCore.Database.Connection[20002]
      Closing connection to database 'AlFalahDb' on server '(localdb)\mssqllocaldb'.
dbug: Microsoft.EntityFrameworkCore.Database.Connection[20003]
      Closed connection to database 'AlFalahDb' on server '(localdb)\mssqllocaldb' (0ms).
dbug: Microsoft.EntityFrameworkCore.Database.Connection[20000]
      Opening connection to database 'AlFalahDb' on server '(localdb)\mssqllocaldb'.
dbug: Microsoft.EntityFrameworkCore.Database.Connection[20001]
      Opened connection to database 'AlFalahDb' on server '(localdb)\mssqllocaldb'.
info: Microsoft.EntityFrameworkCore.Database.Command[20101]
      Executed DbCommand (0ms) [Parameters=[@__permName_0='?' (Size = 4000)], CommandType='Text', CommandTimeout='30']
      SELECT TOP(1) [p].[Id], [p].[CreatedAt], [p].[DescriptionAr], [p].[DescriptionEn], [p].[Group], [p].[Name]
      FROM [Permissions] AS [p]
      WHERE [p].[Name] = @__permName_0
dbug: Microsoft.EntityFrameworkCore.Database.Connection[20002]
      Closing connection to database 'AlFalahDb' on server '(localdb)\mssqllocaldb'.
dbug: Microsoft.EntityFrameworkCore.Database.Connection[20003]
      Closed connection to database 'AlFalahDb' on server '(localdb)\mssqllocaldb' (0ms).
dbug: Microsoft.EntityFrameworkCore.Database.Connection[20000]
      Opening connection to database 'AlFalahDb' on server '(localdb)\mssqllocaldb'.
dbug: Microsoft.EntityFrameworkCore.Database.Connection[20001]
      Opened connection to database 'AlFalahDb' on server '(localdb)\mssqllocaldb'.
info: Microsoft.EntityFrameworkCore.Database.Command[20101]
      Executed DbCommand (0ms) [Parameters=[@__permName_0='?' (Size = 4000)], CommandType='Text', CommandTimeout='30']
      SELECT TOP(1) [p].[Id], [p].[CreatedAt], [p].[DescriptionAr], [p].[DescriptionEn], [p].[Group], [p].[Name]
      FROM [Permissions] AS [p]
      WHERE [p].[Name] = @__permName_0
dbug: Microsoft.EntityFrameworkCore.Database.Connection[20002]
      Closing connection to database 'AlFalahDb' on server '(localdb)\mssqllocaldb'.
dbug: Microsoft.EntityFrameworkCore.Database.Connection[20003]
      Closed connection to database 'AlFalahDb' on server '(localdb)\mssqllocaldb' (0ms).
dbug: Microsoft.EntityFrameworkCore.Database.Connection[20000]
      Opening connection to database 'AlFalahDb' on server '(localdb)\mssqllocaldb'.
dbug: Microsoft.EntityFrameworkCore.Database.Connection[20001]
      Opened connection to database 'AlFalahDb' on server '(localdb)\mssqllocaldb'.
info: Microsoft.EntityFrameworkCore.Database.Command[20101]
      Executed DbCommand (0ms) [Parameters=[@__permName_0='?' (Size = 4000)], CommandType='Text', CommandTimeout='30']
      SELECT TOP(1) [p].[Id], [p].[CreatedAt], [p].[DescriptionAr], [p].[DescriptionEn], [p].[Group], [p].[Name]
      FROM [Permissions] AS [p]
      WHERE [p].[Name] = @__permName_0
dbug: Microsoft.EntityFrameworkCore.Database.Connection[20002]
      Closing connection to database 'AlFalahDb' on server '(localdb)\mssqllocaldb'.
dbug: Microsoft.EntityFrameworkCore.Database.Connection[20003]
      Closed connection to database 'AlFalahDb' on server '(localdb)\mssqllocaldb' (0ms).
dbug: Microsoft.EntityFrameworkCore.Database.Connection[20000]
      Opening connection to database 'AlFalahDb' on server '(localdb)\mssqllocaldb'.
dbug: Microsoft.EntityFrameworkCore.Database.Connection[20001]
      Opened connection to database 'AlFalahDb' on server '(localdb)\mssqllocaldb'.
info: Microsoft.EntityFrameworkCore.Database.Command[20101]
      Executed DbCommand (0ms) [Parameters=[@__permName_0='?' (Size = 4000)], CommandType='Text', CommandTimeout='30']
      SELECT TOP(1) [p].[Id], [p].[CreatedAt], [p].[DescriptionAr], [p].[DescriptionEn], [p].[Group], [p].[Name]
      FROM [Permissions] AS [p]
      WHERE [p].[Name] = @__permName_0
dbug: Microsoft.EntityFrameworkCore.Database.Connection[20002]
      Closing connection to database 'AlFalahDb' on server '(localdb)\mssqllocaldb'.
dbug: Microsoft.EntityFrameworkCore.Database.Connection[20003]
      Closed connection to database 'AlFalahDb' on server '(localdb)\mssqllocaldb' (0ms).
dbug: Microsoft.EntityFrameworkCore.Database.Connection[20000]
      Opening connection to database 'AlFalahDb' on server '(localdb)\mssqllocaldb'.
dbug: Microsoft.EntityFrameworkCore.Database.Connection[20001]
      Opened connection to database 'AlFalahDb' on server '(localdb)\mssqllocaldb'.
info: Microsoft.EntityFrameworkCore.Database.Command[20101]
      Executed DbCommand (0ms) [Parameters=[@__permName_0='?' (Size = 4000)], CommandType='Text', CommandTimeout='30']
      SELECT TOP(1) [p].[Id], [p].[CreatedAt], [p].[DescriptionAr], [p].[DescriptionEn], [p].[Group], [p].[Name]
      FROM [Permissions] AS [p]
      WHERE [p].[Name] = @__permName_0
dbug: Microsoft.EntityFrameworkCore.Database.Connection[20002]
      Closing connection to database 'AlFalahDb' on server '(localdb)\mssqllocaldb'.
dbug: Microsoft.EntityFrameworkCore.Database.Connection[20003]
      Closed connection to database 'AlFalahDb' on server '(localdb)\mssqllocaldb' (0ms).
dbug: Microsoft.EntityFrameworkCore.Database.Connection[20000]
      Opening connection to database 'AlFalahDb' on server '(localdb)\mssqllocaldb'.
dbug: Microsoft.EntityFrameworkCore.Database.Connection[20001]
      Opened connection to database 'AlFalahDb' on server '(localdb)\mssqllocaldb'.
info: Microsoft.EntityFrameworkCore.Database.Command[20101]
      Executed DbCommand (0ms) [Parameters=[@__role_Id_0='?' (Size = 450)], CommandType='Text', CommandTimeout='30']
      SELECT [r].[Id], [r].[CreatedAt], [r].[PermissionId], [r].[RoleId]
      FROM [RolePermissions] AS [r]
      WHERE [r].[RoleId] = @__role_Id_0
dbug: Microsoft.EntityFrameworkCore.ChangeTracking[10805]
      The navigation 'RolePermission.Role' was detected as changed. Consider using 'DbContextOptionsBuilder.EnableSensitiveDataLogging' to see key values.
dbug: Microsoft.EntityFrameworkCore.ChangeTracking[10806]
      Context 'AlFalahDbContext' started tracking 'RolePermission' entity. Consider using 'DbContextOptionsBuilder.EnableSensitiveDataLogging' to see key values.
dbug: Microsoft.EntityFrameworkCore.ChangeTracking[10805]
      The navigation 'RolePermission.Role' was detected as changed. Consider using 'DbContextOptionsBuilder.EnableSensitiveDataLogging' to see key values.
dbug: Microsoft.EntityFrameworkCore.ChangeTracking[10806]
      Context 'AlFalahDbContext' started tracking 'RolePermission' entity. Consider using 'DbContextOptionsBuilder.EnableSensitiveDataLogging' to see key values.
dbug: Microsoft.EntityFrameworkCore.ChangeTracking[10805]
      The navigation 'RolePermission.Role' was detected as changed. Consider using 'DbContextOptionsBuilder.EnableSensitiveDataLogging' to see key values.
dbug: Microsoft.EntityFrameworkCore.ChangeTracking[10806]
      Context 'AlFalahDbContext' started tracking 'RolePermission' entity. Consider using 'DbContextOptionsBuilder.EnableSensitiveDataLogging' to see key values.
dbug: Microsoft.EntityFrameworkCore.ChangeTracking[10805]
      The navigation 'RolePermission.Role' was detected as changed. Consider using 'DbContextOptionsBuilder.EnableSensitiveDataLogging' to see key values.
dbug: Microsoft.EntityFrameworkCore.ChangeTracking[10806]
      Context 'AlFalahDbContext' started tracking 'RolePermission' entity. Consider using 'DbContextOptionsBuilder.EnableSensitiveDataLogging' to see key values.
dbug: Microsoft.EntityFrameworkCore.ChangeTracking[10805]
      The navigation 'RolePermission.Role' was detected as changed. Consider using 'DbContextOptionsBuilder.EnableSensitiveDataLogging' to see key values.
dbug: Microsoft.EntityFrameworkCore.ChangeTracking[10806]
      Context 'AlFalahDbContext' started tracking 'RolePermission' entity. Consider using 'DbContextOptionsBuilder.EnableSensitiveDataLogging' to see key values.
dbug: Microsoft.EntityFrameworkCore.ChangeTracking[10805]
      The navigation 'RolePermission.Role' was detected as changed. Consider using 'DbContextOptionsBuilder.EnableSensitiveDataLogging' to see key values.
dbug: Microsoft.EntityFrameworkCore.ChangeTracking[10806]
      Context 'AlFalahDbContext' started tracking 'RolePermission' entity. Consider using 'DbContextOptionsBuilder.EnableSensitiveDataLogging' to see key values.
dbug: Microsoft.EntityFrameworkCore.ChangeTracking[10805]
      The navigation 'RolePermission.Role' was detected as changed. Consider using 'DbContextOptionsBuilder.EnableSensitiveDataLogging' to see key values.
dbug: Microsoft.EntityFrameworkCore.ChangeTracking[10806]
      Context 'AlFalahDbContext' started tracking 'RolePermission' entity. Consider using 'DbContextOptionsBuilder.EnableSensitiveDataLogging' to see key values.
dbug: Microsoft.EntityFrameworkCore.ChangeTracking[10805]
      The navigation 'RolePermission.Role' was detected as changed. Consider using 'DbContextOptionsBuilder.EnableSensitiveDataLogging' to see key values.
dbug: Microsoft.EntityFrameworkCore.ChangeTracking[10806]
      Context 'AlFalahDbContext' started tracking 'RolePermission' entity. Consider using 'DbContextOptionsBuilder.EnableSensitiveDataLogging' to see key values.
dbug: Microsoft.EntityFrameworkCore.ChangeTracking[10805]
      The navigation 'RolePermission.Role' was detected as changed. Consider using 'DbContextOptionsBuilder.EnableSensitiveDataLogging' to see key values.
dbug: Microsoft.EntityFrameworkCore.ChangeTracking[10806]
      Context 'AlFalahDbContext' started tracking 'RolePermission' entity. Consider using 'DbContextOptionsBuilder.EnableSensitiveDataLogging' to see key values.
dbug: Microsoft.EntityFrameworkCore.ChangeTracking[10805]
      The navigation 'RolePermission.Role' was detected as changed. Consider using 'DbContextOptionsBuilder.EnableSensitiveDataLogging' to see key values.
dbug: Microsoft.EntityFrameworkCore.ChangeTracking[10806]
      Context 'AlFalahDbContext' started tracking 'RolePermission' entity. Consider using 'DbContextOptionsBuilder.EnableSensitiveDataLogging' to see key values.
dbug: Microsoft.EntityFrameworkCore.ChangeTracking[10805]
      The navigation 'RolePermission.Role' was detected as changed. Consider using 'DbContextOptionsBuilder.EnableSensitiveDataLogging' to see key values.
dbug: Microsoft.EntityFrameworkCore.ChangeTracking[10806]
      Context 'AlFalahDbContext' started tracking 'RolePermission' entity. Consider using 'DbContextOptionsBuilder.EnableSensitiveDataLogging' to see key values.
dbug: Microsoft.EntityFrameworkCore.ChangeTracking[10805]
      The navigation 'RolePermission.Role' was detected as changed. Consider using 'DbContextOptionsBuilder.EnableSensitiveDataLogging' to see key values.
dbug: Microsoft.EntityFrameworkCore.ChangeTracking[10806]
      Context 'AlFalahDbContext' started tracking 'RolePermission' entity. Consider using 'DbContextOptionsBuilder.EnableSensitiveDataLogging' to see key values.
dbug: Microsoft.EntityFrameworkCore.ChangeTracking[10805]
      The navigation 'RolePermission.Role' was detected as changed. Consider using 'DbContextOptionsBuilder.EnableSensitiveDataLogging' to see key values.
dbug: Microsoft.EntityFrameworkCore.ChangeTracking[10806]
      Context 'AlFalahDbContext' started tracking 'RolePermission' entity. Consider using 'DbContextOptionsBuilder.EnableSensitiveDataLogging' to see key values.
dbug: Microsoft.EntityFrameworkCore.ChangeTracking[10805]
      The navigation 'RolePermission.Role' was detected as changed. Consider using 'DbContextOptionsBuilder.EnableSensitiveDataLogging' to see key values.
dbug: Microsoft.EntityFrameworkCore.ChangeTracking[10806]
      Context 'AlFalahDbContext' started tracking 'RolePermission' entity. Consider using 'DbContextOptionsBuilder.EnableSensitiveDataLogging' to see key values.
dbug: Microsoft.EntityFrameworkCore.ChangeTracking[10805]
      The navigation 'RolePermission.Role' was detected as changed. Consider using 'DbContextOptionsBuilder.EnableSensitiveDataLogging' to see key values.
dbug: Microsoft.EntityFrameworkCore.ChangeTracking[10806]
      Context 'AlFalahDbContext' started tracking 'RolePermission' entity. Consider using 'DbContextOptionsBuilder.EnableSensitiveDataLogging' to see key values.
dbug: Microsoft.EntityFrameworkCore.ChangeTracking[10805]
      The navigation 'RolePermission.Role' was detected as changed. Consider using 'DbContextOptionsBuilder.EnableSensitiveDataLogging' to see key values.
dbug: Microsoft.EntityFrameworkCore.ChangeTracking[10806]
      Context 'AlFalahDbContext' started tracking 'RolePermission' entity. Consider using 'DbContextOptionsBuilder.EnableSensitiveDataLogging' to see key values.
dbug: Microsoft.EntityFrameworkCore.ChangeTracking[10805]
      The navigation 'RolePermission.Role' was detected as changed. Consider using 'DbContextOptionsBuilder.EnableSensitiveDataLogging' to see key values.
dbug: Microsoft.EntityFrameworkCore.ChangeTracking[10806]
      Context 'AlFalahDbContext' started tracking 'RolePermission' entity. Consider using 'DbContextOptionsBuilder.EnableSensitiveDataLogging' to see key values.
dbug: Microsoft.EntityFrameworkCore.ChangeTracking[10805]
      The navigation 'RolePermission.Role' was detected as changed. Consider using 'DbContextOptionsBuilder.EnableSensitiveDataLogging' to see key values.
dbug: Microsoft.EntityFrameworkCore.ChangeTracking[10806]
      Context 'AlFalahDbContext' started tracking 'RolePermission' entity. Consider using 'DbContextOptionsBuilder.EnableSensitiveDataLogging' to see key values.
dbug: Microsoft.EntityFrameworkCore.ChangeTracking[10805]
      The navigation 'RolePermission.Role' was detected as changed. Consider using 'DbContextOptionsBuilder.EnableSensitiveDataLogging' to see key values.
dbug: Microsoft.EntityFrameworkCore.ChangeTracking[10806]
      Context 'AlFalahDbContext' started tracking 'RolePermission' entity. Consider using 'DbContextOptionsBuilder.EnableSensitiveDataLogging' to see key values.
dbug: Microsoft.EntityFrameworkCore.ChangeTracking[10805]
      The navigation 'RolePermission.Role' was detected as changed. Consider using 'DbContextOptionsBuilder.EnableSensitiveDataLogging' to see key values.
dbug: Microsoft.EntityFrameworkCore.ChangeTracking[10806]
      Context 'AlFalahDbContext' started tracking 'RolePermission' entity. Consider using 'DbContextOptionsBuilder.EnableSensitiveDataLogging' to see key values.
dbug: Microsoft.EntityFrameworkCore.ChangeTracking[10805]
      The navigation 'RolePermission.Role' was detected as changed. Consider using 'DbContextOptionsBuilder.EnableSensitiveDataLogging' to see key values.
dbug: Microsoft.EntityFrameworkCore.ChangeTracking[10806]
      Context 'AlFalahDbContext' started tracking 'RolePermission' entity. Consider using 'DbContextOptionsBuilder.EnableSensitiveDataLogging' to see key values.
dbug: Microsoft.EntityFrameworkCore.ChangeTracking[10805]
      The navigation 'RolePermission.Role' was detected as changed. Consider using 'DbContextOptionsBuilder.EnableSensitiveDataLogging' to see key values.
dbug: Microsoft.EntityFrameworkCore.ChangeTracking[10806]
      Context 'AlFalahDbContext' started tracking 'RolePermission' entity. Consider using 'DbContextOptionsBuilder.EnableSensitiveDataLogging' to see key values.
dbug: Microsoft.EntityFrameworkCore.ChangeTracking[10805]
      The navigation 'RolePermission.Role' was detected as changed. Consider using 'DbContextOptionsBuilder.EnableSensitiveDataLogging' to see key values.
dbug: Microsoft.EntityFrameworkCore.ChangeTracking[10806]
      Context 'AlFalahDbContext' started tracking 'RolePermission' entity. Consider using 'DbContextOptionsBuilder.EnableSensitiveDataLogging' to see key values.
dbug: Microsoft.EntityFrameworkCore.ChangeTracking[10805]
      The navigation 'RolePermission.Role' was detected as changed. Consider using 'DbContextOptionsBuilder.EnableSensitiveDataLogging' to see key values.
dbug: Microsoft.EntityFrameworkCore.ChangeTracking[10806]
      Context 'AlFalahDbContext' started tracking 'RolePermission' entity. Consider using 'DbContextOptionsBuilder.EnableSensitiveDataLogging' to see key values.
dbug: Microsoft.EntityFrameworkCore.ChangeTracking[10805]
      The navigation 'RolePermission.Role' was detected as changed. Consider using 'DbContextOptionsBuilder.EnableSensitiveDataLogging' to see key values.
dbug: Microsoft.EntityFrameworkCore.ChangeTracking[10806]
      Context 'AlFalahDbContext' started tracking 'RolePermission' entity. Consider using 'DbContextOptionsBuilder.EnableSensitiveDataLogging' to see key values.
dbug: Microsoft.EntityFrameworkCore.ChangeTracking[10805]
      The navigation 'RolePermission.Role' was detected as changed. Consider using 'DbContextOptionsBuilder.EnableSensitiveDataLogging' to see key values.
dbug: Microsoft.EntityFrameworkCore.ChangeTracking[10806]
      Context 'AlFalahDbContext' started tracking 'RolePermission' entity. Consider using 'DbContextOptionsBuilder.EnableSensitiveDataLogging' to see key values.
dbug: Microsoft.EntityFrameworkCore.ChangeTracking[10805]
      The navigation 'RolePermission.Role' was detected as changed. Consider using 'DbContextOptionsBuilder.EnableSensitiveDataLogging' to see key values.
dbug: Microsoft.EntityFrameworkCore.ChangeTracking[10806]
      Context 'AlFalahDbContext' started tracking 'RolePermission' entity. Consider using 'DbContextOptionsBuilder.EnableSensitiveDataLogging' to see key values.
dbug: Microsoft.EntityFrameworkCore.ChangeTracking[10805]
      The navigation 'RolePermission.Role' was detected as changed. Consider using 'DbContextOptionsBuilder.EnableSensitiveDataLogging' to see key values.
dbug: Microsoft.EntityFrameworkCore.ChangeTracking[10806]
      Context 'AlFalahDbContext' started tracking 'RolePermission' entity. Consider using 'DbContextOptionsBuilder.EnableSensitiveDataLogging' to see key values.
dbug: Microsoft.EntityFrameworkCore.ChangeTracking[10805]
      The navigation 'RolePermission.Role' was detected as changed. Consider using 'DbContextOptionsBuilder.EnableSensitiveDataLogging' to see key values.
dbug: Microsoft.EntityFrameworkCore.ChangeTracking[10806]
      Context 'AlFalahDbContext' started tracking 'RolePermission' entity. Consider using 'DbContextOptionsBuilder.EnableSensitiveDataLogging' to see key values.
dbug: Microsoft.EntityFrameworkCore.ChangeTracking[10805]
      The navigation 'RolePermission.Role' was detected as changed. Consider using 'DbContextOptionsBuilder.EnableSensitiveDataLogging' to see key values.
dbug: Microsoft.EntityFrameworkCore.ChangeTracking[10806]
      Context 'AlFalahDbContext' started tracking 'RolePermission' entity. Consider using 'DbContextOptionsBuilder.EnableSensitiveDataLogging' to see key values.
dbug: Microsoft.EntityFrameworkCore.Database.Connection[20002]
      Closing connection to database 'AlFalahDb' on server '(localdb)\mssqllocaldb'.
dbug: Microsoft.EntityFrameworkCore.Database.Connection[20003]
      Closed connection to database 'AlFalahDb' on server '(localdb)\mssqllocaldb' (0ms).
dbug: Microsoft.EntityFrameworkCore.Database.Connection[20000]
      Opening connection to database 'AlFalahDb' on server '(localdb)\mssqllocaldb'.
dbug: Microsoft.EntityFrameworkCore.Database.Connection[20001]
      Opened connection to database 'AlFalahDb' on server '(localdb)\mssqllocaldb'.
info: Microsoft.EntityFrameworkCore.Database.Command[20101]
      Executed DbCommand (0ms) [Parameters=[@__normalizedName_0='?' (Size = 256)], CommandType='Text', CommandTimeout='30']
      SELECT TOP(1) [r].[Id], [r].[ConcurrencyStamp], [r].[CreatedAt], [r].[DescriptionAr], [r].[DescriptionEn], [r].[IsActive], [r].[Name], [r].[NormalizedName]
      FROM [Roles] AS [r]
      WHERE [r].[NormalizedName] = @__normalizedName_0
dbug: Microsoft.EntityFrameworkCore.Database.Connection[20002]
      Closing connection to database 'AlFalahDb' on server '(localdb)\mssqllocaldb'.
dbug: Microsoft.EntityFrameworkCore.Database.Connection[20003]
      Closed connection to database 'AlFalahDb' on server '(localdb)\mssqllocaldb' (0ms).
dbug: Microsoft.EntityFrameworkCore.Database.Connection[20000]
      Opening connection to database 'AlFalahDb' on server '(localdb)\mssqllocaldb'.
dbug: Microsoft.EntityFrameworkCore.Database.Connection[20001]
      Opened connection to database 'AlFalahDb' on server '(localdb)\mssqllocaldb'.
info: Microsoft.EntityFrameworkCore.Database.Command[20101]
      Executed DbCommand (0ms) [Parameters=[@__permName_0='?' (Size = 4000)], CommandType='Text', CommandTimeout='30']
      SELECT TOP(1) [p].[Id], [p].[CreatedAt], [p].[DescriptionAr], [p].[DescriptionEn], [p].[Group], [p].[Name]
      FROM [Permissions] AS [p]
      WHERE [p].[Name] = @__permName_0
dbug: Microsoft.EntityFrameworkCore.Database.Connection[20002]
      Closing connection to database 'AlFalahDb' on server '(localdb)\mssqllocaldb'.
dbug: Microsoft.EntityFrameworkCore.Database.Connection[20003]
      Closed connection to database 'AlFalahDb' on server '(localdb)\mssqllocaldb' (0ms).
dbug: Microsoft.EntityFrameworkCore.Database.Connection[20000]
      Opening connection to database 'AlFalahDb' on server '(localdb)\mssqllocaldb'.
dbug: Microsoft.EntityFrameworkCore.Database.Connection[20001]
      Opened connection to database 'AlFalahDb' on server '(localdb)\mssqllocaldb'.
info: Microsoft.EntityFrameworkCore.Database.Command[20101]
      Executed DbCommand (0ms) [Parameters=[@__permName_0='?' (Size = 4000)], CommandType='Text', CommandTimeout='30']
      SELECT TOP(1) [p].[Id], [p].[CreatedAt], [p].[DescriptionAr], [p].[DescriptionEn], [p].[Group], [p].[Name]
      FROM [Permissions] AS [p]
      WHERE [p].[Name] = @__permName_0
dbug: Microsoft.EntityFrameworkCore.Database.Connection[20002]
      Closing connection to database 'AlFalahDb' on server '(localdb)\mssqllocaldb'.
dbug: Microsoft.EntityFrameworkCore.Database.Connection[20003]
      Closed connection to database 'AlFalahDb' on server '(localdb)\mssqllocaldb' (0ms).
dbug: Microsoft.EntityFrameworkCore.Database.Connection[20000]
      Opening connection to database 'AlFalahDb' on server '(localdb)\mssqllocaldb'.
dbug: Microsoft.EntityFrameworkCore.Database.Connection[20001]
      Opened connection to database 'AlFalahDb' on server '(localdb)\mssqllocaldb'.
info: Microsoft.EntityFrameworkCore.Database.Command[20101]
      Executed DbCommand (0ms) [Parameters=[@__permName_0='?' (Size = 4000)], CommandType='Text', CommandTimeout='30']
      SELECT TOP(1) [p].[Id], [p].[CreatedAt], [p].[DescriptionAr], [p].[DescriptionEn], [p].[Group], [p].[Name]
      FROM [Permissions] AS [p]
      WHERE [p].[Name] = @__permName_0
dbug: Microsoft.EntityFrameworkCore.Database.Connection[20002]
      Closing connection to database 'AlFalahDb' on server '(localdb)\mssqllocaldb'.
dbug: Microsoft.EntityFrameworkCore.Database.Connection[20003]
      Closed connection to database 'AlFalahDb' on server '(localdb)\mssqllocaldb' (0ms).
dbug: Microsoft.EntityFrameworkCore.Database.Connection[20000]
      Opening connection to database 'AlFalahDb' on server '(localdb)\mssqllocaldb'.
dbug: Microsoft.EntityFrameworkCore.Database.Connection[20001]
      Opened connection to database 'AlFalahDb' on server '(localdb)\mssqllocaldb'.
info: Microsoft.EntityFrameworkCore.Database.Command[20101]
      Executed DbCommand (0ms) [Parameters=[@__permName_0='?' (Size = 4000)], CommandType='Text', CommandTimeout='30']
      SELECT TOP(1) [p].[Id], [p].[CreatedAt], [p].[DescriptionAr], [p].[DescriptionEn], [p].[Group], [p].[Name]
      FROM [Permissions] AS [p]
      WHERE [p].[Name] = @__permName_0
dbug: Microsoft.EntityFrameworkCore.Database.Connection[20002]
      Closing connection to database 'AlFalahDb' on server '(localdb)\mssqllocaldb'.
dbug: Microsoft.EntityFrameworkCore.Database.Connection[20003]
      Closed connection to database 'AlFalahDb' on server '(localdb)\mssqllocaldb' (0ms).
dbug: Microsoft.EntityFrameworkCore.Database.Connection[20000]
      Opening connection to database 'AlFalahDb' on server '(localdb)\mssqllocaldb'.
dbug: Microsoft.EntityFrameworkCore.Database.Connection[20001]
      Opened connection to database 'AlFalahDb' on server '(localdb)\mssqllocaldb'.
info: Microsoft.EntityFrameworkCore.Database.Command[20101]
      Executed DbCommand (0ms) [Parameters=[@__permName_0='?' (Size = 4000)], CommandType='Text', CommandTimeout='30']
      SELECT TOP(1) [p].[Id], [p].[CreatedAt], [p].[DescriptionAr], [p].[DescriptionEn], [p].[Group], [p].[Name]
      FROM [Permissions] AS [p]
      WHERE [p].[Name] = @__permName_0
dbug: Microsoft.EntityFrameworkCore.Database.Connection[20002]
      Closing connection to database 'AlFalahDb' on server '(localdb)\mssqllocaldb'.
dbug: Microsoft.EntityFrameworkCore.Database.Connection[20003]
      Closed connection to database 'AlFalahDb' on server '(localdb)\mssqllocaldb' (0ms).
dbug: Microsoft.EntityFrameworkCore.Database.Connection[20000]
      Opening connection to database 'AlFalahDb' on server '(localdb)\mssqllocaldb'.
dbug: Microsoft.EntityFrameworkCore.Database.Connection[20001]
      Opened connection to database 'AlFalahDb' on server '(localdb)\mssqllocaldb'.
info: Microsoft.EntityFrameworkCore.Database.Command[20101]
      Executed DbCommand (0ms) [Parameters=[@__permName_0='?' (Size = 4000)], CommandType='Text', CommandTimeout='30']
      SELECT TOP(1) [p].[Id], [p].[CreatedAt], [p].[DescriptionAr], [p].[DescriptionEn], [p].[Group], [p].[Name]
      FROM [Permissions] AS [p]
      WHERE [p].[Name] = @__permName_0
dbug: Microsoft.EntityFrameworkCore.Database.Connection[20002]
      Closing connection to database 'AlFalahDb' on server '(localdb)\mssqllocaldb'.
dbug: Microsoft.EntityFrameworkCore.Database.Connection[20003]
      Closed connection to database 'AlFalahDb' on server '(localdb)\mssqllocaldb' (0ms).
dbug: Microsoft.EntityFrameworkCore.Database.Connection[20000]
      Opening connection to database 'AlFalahDb' on server '(localdb)\mssqllocaldb'.
dbug: Microsoft.EntityFrameworkCore.Database.Connection[20001]
      Opened connection to database 'AlFalahDb' on server '(localdb)\mssqllocaldb'.
info: Microsoft.EntityFrameworkCore.Database.Command[20101]
      Executed DbCommand (0ms) [Parameters=[@__permName_0='?' (Size = 4000)], CommandType='Text', CommandTimeout='30']
      SELECT TOP(1) [p].[Id], [p].[CreatedAt], [p].[DescriptionAr], [p].[DescriptionEn], [p].[Group], [p].[Name]
      FROM [Permissions] AS [p]
      WHERE [p].[Name] = @__permName_0
dbug: Microsoft.EntityFrameworkCore.Database.Connection[20002]
      Closing connection to database 'AlFalahDb' on server '(localdb)\mssqllocaldb'.
dbug: Microsoft.EntityFrameworkCore.Database.Connection[20003]
      Closed connection to database 'AlFalahDb' on server '(localdb)\mssqllocaldb' (0ms).
dbug: Microsoft.EntityFrameworkCore.Database.Connection[20000]
      Opening connection to database 'AlFalahDb' on server '(localdb)\mssqllocaldb'.
dbug: Microsoft.EntityFrameworkCore.Database.Connection[20001]
      Opened connection to database 'AlFalahDb' on server '(localdb)\mssqllocaldb'.
info: Microsoft.EntityFrameworkCore.Database.Command[20101]
      Executed DbCommand (0ms) [Parameters=[@__permName_0='?' (Size = 4000)], CommandType='Text', CommandTimeout='30']
      SELECT TOP(1) [p].[Id], [p].[CreatedAt], [p].[DescriptionAr], [p].[DescriptionEn], [p].[Group], [p].[Name]
      FROM [Permissions] AS [p]
      WHERE [p].[Name] = @__permName_0
dbug: Microsoft.EntityFrameworkCore.Database.Connection[20002]
      Closing connection to database 'AlFalahDb' on server '(localdb)\mssqllocaldb'.
dbug: Microsoft.EntityFrameworkCore.Database.Connection[20003]
      Closed connection to database 'AlFalahDb' on server '(localdb)\mssqllocaldb' (0ms).
dbug: Microsoft.EntityFrameworkCore.Database.Connection[20000]
      Opening connection to database 'AlFalahDb' on server '(localdb)\mssqllocaldb'.
dbug: Microsoft.EntityFrameworkCore.Database.Connection[20001]
      Opened connection to database 'AlFalahDb' on server '(localdb)\mssqllocaldb'.
info: Microsoft.EntityFrameworkCore.Database.Command[20101]
      Executed DbCommand (0ms) [Parameters=[@__permName_0='?' (Size = 4000)], CommandType='Text', CommandTimeout='30']
      SELECT TOP(1) [p].[Id], [p].[CreatedAt], [p].[DescriptionAr], [p].[DescriptionEn], [p].[Group], [p].[Name]
      FROM [Permissions] AS [p]
      WHERE [p].[Name] = @__permName_0
dbug: Microsoft.EntityFrameworkCore.Database.Connection[20002]
      Closing connection to database 'AlFalahDb' on server '(localdb)\mssqllocaldb'.
dbug: Microsoft.EntityFrameworkCore.Database.Connection[20003]
      Closed connection to database 'AlFalahDb' on server '(localdb)\mssqllocaldb' (0ms).
dbug: Microsoft.EntityFrameworkCore.Database.Connection[20000]
      Opening connection to database 'AlFalahDb' on server '(localdb)\mssqllocaldb'.
dbug: Microsoft.EntityFrameworkCore.Database.Connection[20001]
      Opened connection to database 'AlFalahDb' on server '(localdb)\mssqllocaldb'.
info: Microsoft.EntityFrameworkCore.Database.Command[20101]
      Executed DbCommand (0ms) [Parameters=[@__permName_0='?' (Size = 4000)], CommandType='Text', CommandTimeout='30']
      SELECT TOP(1) [p].[Id], [p].[CreatedAt], [p].[DescriptionAr], [p].[DescriptionEn], [p].[Group], [p].[Name]
      FROM [Permissions] AS [p]
      WHERE [p].[Name] = @__permName_0
dbug: Microsoft.EntityFrameworkCore.Database.Connection[20002]
      Closing connection to database 'AlFalahDb' on server '(localdb)\mssqllocaldb'.
dbug: Microsoft.EntityFrameworkCore.Database.Connection[20003]
      Closed connection to database 'AlFalahDb' on server '(localdb)\mssqllocaldb' (0ms).
dbug: Microsoft.EntityFrameworkCore.Database.Connection[20000]
      Opening connection to database 'AlFalahDb' on server '(localdb)\mssqllocaldb'.
dbug: Microsoft.EntityFrameworkCore.Database.Connection[20001]
      Opened connection to database 'AlFalahDb' on server '(localdb)\mssqllocaldb'.
info: Microsoft.EntityFrameworkCore.Database.Command[20101]
      Executed DbCommand (0ms) [Parameters=[@__permName_0='?' (Size = 4000)], CommandType='Text', CommandTimeout='30']
      SELECT TOP(1) [p].[Id], [p].[CreatedAt], [p].[DescriptionAr], [p].[DescriptionEn], [p].[Group], [p].[Name]
      FROM [Permissions] AS [p]
      WHERE [p].[Name] = @__permName_0
dbug: Microsoft.EntityFrameworkCore.Database.Connection[20002]
      Closing connection to database 'AlFalahDb' on server '(localdb)\mssqllocaldb'.
dbug: Microsoft.EntityFrameworkCore.Database.Connection[20003]
      Closed connection to database 'AlFalahDb' on server '(localdb)\mssqllocaldb' (0ms).
dbug: Microsoft.EntityFrameworkCore.Database.Connection[20000]
      Opening connection to database 'AlFalahDb' on server '(localdb)\mssqllocaldb'.
dbug: Microsoft.EntityFrameworkCore.Database.Connection[20001]
      Opened connection to database 'AlFalahDb' on server '(localdb)\mssqllocaldb'.
info: Microsoft.EntityFrameworkCore.Database.Command[20101]
      Executed DbCommand (0ms) [Parameters=[@__permName_0='?' (Size = 4000)], CommandType='Text', CommandTimeout='30']
      SELECT TOP(1) [p].[Id], [p].[CreatedAt], [p].[DescriptionAr], [p].[DescriptionEn], [p].[Group], [p].[Name]
      FROM [Permissions] AS [p]
      WHERE [p].[Name] = @__permName_0
dbug: Microsoft.EntityFrameworkCore.Database.Connection[20002]
      Closing connection to database 'AlFalahDb' on server '(localdb)\mssqllocaldb'.
dbug: Microsoft.EntityFrameworkCore.Database.Connection[20003]
      Closed connection to database 'AlFalahDb' on server '(localdb)\mssqllocaldb' (0ms).
dbug: Microsoft.EntityFrameworkCore.Database.Connection[20000]
      Opening connection to database 'AlFalahDb' on server '(localdb)\mssqllocaldb'.
dbug: Microsoft.EntityFrameworkCore.Database.Connection[20001]
      Opened connection to database 'AlFalahDb' on server '(localdb)\mssqllocaldb'.
info: Microsoft.EntityFrameworkCore.Database.Command[20101]
      Executed DbCommand (0ms) [Parameters=[@__permName_0='?' (Size = 4000)], CommandType='Text', CommandTimeout='30']
      SELECT TOP(1) [p].[Id], [p].[CreatedAt], [p].[DescriptionAr], [p].[DescriptionEn], [p].[Group], [p].[Name]
      FROM [Permissions] AS [p]
      WHERE [p].[Name] = @__permName_0
dbug: Microsoft.EntityFrameworkCore.Database.Connection[20002]
      Closing connection to database 'AlFalahDb' on server '(localdb)\mssqllocaldb'.
dbug: Microsoft.EntityFrameworkCore.Database.Connection[20003]
      Closed connection to database 'AlFalahDb' on server '(localdb)\mssqllocaldb' (0ms).
dbug: Microsoft.EntityFrameworkCore.Database.Connection[20000]
      Opening connection to database 'AlFalahDb' on server '(localdb)\mssqllocaldb'.
dbug: Microsoft.EntityFrameworkCore.Database.Connection[20001]
      Opened connection to database 'AlFalahDb' on server '(localdb)\mssqllocaldb'.
info: Microsoft.EntityFrameworkCore.Database.Command[20101]
      Executed DbCommand (0ms) [Parameters=[@__permName_0='?' (Size = 4000)], CommandType='Text', CommandTimeout='30']
      SELECT TOP(1) [p].[Id], [p].[CreatedAt], [p].[DescriptionAr], [p].[DescriptionEn], [p].[Group], [p].[Name]
      FROM [Permissions] AS [p]
      WHERE [p].[Name] = @__permName_0
dbug: Microsoft.EntityFrameworkCore.Database.Connection[20002]
      Closing connection to database 'AlFalahDb' on server '(localdb)\mssqllocaldb'.
dbug: Microsoft.EntityFrameworkCore.Database.Connection[20003]
      Closed connection to database 'AlFalahDb' on server '(localdb)\mssqllocaldb' (0ms).
dbug: Microsoft.EntityFrameworkCore.Database.Connection[20000]
      Opening connection to database 'AlFalahDb' on server '(localdb)\mssqllocaldb'.
dbug: Microsoft.EntityFrameworkCore.Database.Connection[20001]
      Opened connection to database 'AlFalahDb' on server '(localdb)\mssqllocaldb'.
info: Microsoft.EntityFrameworkCore.Database.Command[20101]
      Executed DbCommand (0ms) [Parameters=[@__permName_0='?' (Size = 4000)], CommandType='Text', CommandTimeout='30']
      SELECT TOP(1) [p].[Id], [p].[CreatedAt], [p].[DescriptionAr], [p].[DescriptionEn], [p].[Group], [p].[Name]
      FROM [Permissions] AS [p]
      WHERE [p].[Name] = @__permName_0
dbug: Microsoft.EntityFrameworkCore.Database.Connection[20002]
      Closing connection to database 'AlFalahDb' on server '(localdb)\mssqllocaldb'.
dbug: Microsoft.EntityFrameworkCore.Database.Connection[20003]
      Closed connection to database 'AlFalahDb' on server '(localdb)\mssqllocaldb' (0ms).
dbug: Microsoft.EntityFrameworkCore.Database.Connection[20000]
      Opening connection to database 'AlFalahDb' on server '(localdb)\mssqllocaldb'.
dbug: Microsoft.EntityFrameworkCore.Database.Connection[20001]
      Opened connection to database 'AlFalahDb' on server '(localdb)\mssqllocaldb'.
info: Microsoft.EntityFrameworkCore.Database.Command[20101]
      Executed DbCommand (0ms) [Parameters=[@__permName_0='?' (Size = 4000)], CommandType='Text', CommandTimeout='30']
      SELECT TOP(1) [p].[Id], [p].[CreatedAt], [p].[DescriptionAr], [p].[DescriptionEn], [p].[Group], [p].[Name]
      FROM [Permissions] AS [p]
      WHERE [p].[Name] = @__permName_0
dbug: Microsoft.EntityFrameworkCore.Database.Connection[20002]
      Closing connection to database 'AlFalahDb' on server '(localdb)\mssqllocaldb'.
dbug: Microsoft.EntityFrameworkCore.Database.Connection[20003]
      Closed connection to database 'AlFalahDb' on server '(localdb)\mssqllocaldb' (0ms).
dbug: Microsoft.EntityFrameworkCore.Database.Connection[20000]
      Opening connection to database 'AlFalahDb' on server '(localdb)\mssqllocaldb'.
dbug: Microsoft.EntityFrameworkCore.Database.Connection[20001]
      Opened connection to database 'AlFalahDb' on server '(localdb)\mssqllocaldb'.
info: Microsoft.EntityFrameworkCore.Database.Command[20101]
      Executed DbCommand (0ms) [Parameters=[@__permName_0='?' (Size = 4000)], CommandType='Text', CommandTimeout='30']
      SELECT TOP(1) [p].[Id], [p].[CreatedAt], [p].[DescriptionAr], [p].[DescriptionEn], [p].[Group], [p].[Name]
      FROM [Permissions] AS [p]
      WHERE [p].[Name] = @__permName_0
dbug: Microsoft.EntityFrameworkCore.Database.Connection[20002]
      Closing connection to database 'AlFalahDb' on server '(localdb)\mssqllocaldb'.
dbug: Microsoft.EntityFrameworkCore.Database.Connection[20003]
      Closed connection to database 'AlFalahDb' on server '(localdb)\mssqllocaldb' (0ms).
dbug: Microsoft.EntityFrameworkCore.Database.Connection[20000]
      Opening connection to database 'AlFalahDb' on server '(localdb)\mssqllocaldb'.
dbug: Microsoft.EntityFrameworkCore.Database.Connection[20001]
      Opened connection to database 'AlFalahDb' on server '(localdb)\mssqllocaldb'.
info: Microsoft.EntityFrameworkCore.Database.Command[20101]
      Executed DbCommand (0ms) [Parameters=[@__permName_0='?' (Size = 4000)], CommandType='Text', CommandTimeout='30']
      SELECT TOP(1) [p].[Id], [p].[CreatedAt], [p].[DescriptionAr], [p].[DescriptionEn], [p].[Group], [p].[Name]
      FROM [Permissions] AS [p]
      WHERE [p].[Name] = @__permName_0
dbug: Microsoft.EntityFrameworkCore.Database.Connection[20002]
      Closing connection to database 'AlFalahDb' on server '(localdb)\mssqllocaldb'.
dbug: Microsoft.EntityFrameworkCore.Database.Connection[20003]
      Closed connection to database 'AlFalahDb' on server '(localdb)\mssqllocaldb' (0ms).
dbug: Microsoft.EntityFrameworkCore.Database.Connection[20000]
      Opening connection to database 'AlFalahDb' on server '(localdb)\mssqllocaldb'.
dbug: Microsoft.EntityFrameworkCore.Database.Connection[20001]
      Opened connection to database 'AlFalahDb' on server '(localdb)\mssqllocaldb'.
info: Microsoft.EntityFrameworkCore.Database.Command[20101]
      Executed DbCommand (0ms) [Parameters=[@__permName_0='?' (Size = 4000)], CommandType='Text', CommandTimeout='30']
      SELECT TOP(1) [p].[Id], [p].[CreatedAt], [p].[DescriptionAr], [p].[DescriptionEn], [p].[Group], [p].[Name]
      FROM [Permissions] AS [p]
      WHERE [p].[Name] = @__permName_0
dbug: Microsoft.EntityFrameworkCore.Database.Connection[20002]
      Closing connection to database 'AlFalahDb' on server '(localdb)\mssqllocaldb'.
dbug: Microsoft.EntityFrameworkCore.Database.Connection[20003]
      Closed connection to database 'AlFalahDb' on server '(localdb)\mssqllocaldb' (0ms).
dbug: Microsoft.EntityFrameworkCore.Database.Connection[20000]
      Opening connection to database 'AlFalahDb' on server '(localdb)\mssqllocaldb'.
dbug: Microsoft.EntityFrameworkCore.Database.Connection[20001]
      Opened connection to database 'AlFalahDb' on server '(localdb)\mssqllocaldb'.
info: Microsoft.EntityFrameworkCore.Database.Command[20101]
      Executed DbCommand (0ms) [Parameters=[@__permName_0='?' (Size = 4000)], CommandType='Text', CommandTimeout='30']
      SELECT TOP(1) [p].[Id], [p].[CreatedAt], [p].[DescriptionAr], [p].[DescriptionEn], [p].[Group], [p].[Name]
      FROM [Permissions] AS [p]
      WHERE [p].[Name] = @__permName_0
dbug: Microsoft.EntityFrameworkCore.Database.Connection[20002]
      Closing connection to database 'AlFalahDb' on server '(localdb)\mssqllocaldb'.
dbug: Microsoft.EntityFrameworkCore.Database.Connection[20003]
      Closed connection to database 'AlFalahDb' on server '(localdb)\mssqllocaldb' (0ms).
dbug: Microsoft.EntityFrameworkCore.Database.Connection[20000]
      Opening connection to database 'AlFalahDb' on server '(localdb)\mssqllocaldb'.
dbug: Microsoft.EntityFrameworkCore.Database.Connection[20001]
      Opened connection to database 'AlFalahDb' on server '(localdb)\mssqllocaldb'.
info: Microsoft.EntityFrameworkCore.Database.Command[20101]
      Executed DbCommand (0ms) [Parameters=[@__permName_0='?' (Size = 4000)], CommandType='Text', CommandTimeout='30']
      SELECT TOP(1) [p].[Id], [p].[CreatedAt], [p].[DescriptionAr], [p].[DescriptionEn], [p].[Group], [p].[Name]
      FROM [Permissions] AS [p]
      WHERE [p].[Name] = @__permName_0
dbug: Microsoft.EntityFrameworkCore.Database.Connection[20002]
      Closing connection to database 'AlFalahDb' on server '(localdb)\mssqllocaldb'.
dbug: Microsoft.EntityFrameworkCore.Database.Connection[20003]
      Closed connection to database 'AlFalahDb' on server '(localdb)\mssqllocaldb' (0ms).
dbug: Microsoft.EntityFrameworkCore.Database.Connection[20000]
      Opening connection to database 'AlFalahDb' on server '(localdb)\mssqllocaldb'.
dbug: Microsoft.EntityFrameworkCore.Database.Connection[20001]
      Opened connection to database 'AlFalahDb' on server '(localdb)\mssqllocaldb'.
info: Microsoft.EntityFrameworkCore.Database.Command[20101]
      Executed DbCommand (0ms) [Parameters=[@__permName_0='?' (Size = 4000)], CommandType='Text', CommandTimeout='30']
      SELECT TOP(1) [p].[Id], [p].[CreatedAt], [p].[DescriptionAr], [p].[DescriptionEn], [p].[Group], [p].[Name]
      FROM [Permissions] AS [p]
      WHERE [p].[Name] = @__permName_0
dbug: Microsoft.EntityFrameworkCore.Database.Connection[20002]
      Closing connection to database 'AlFalahDb' on server '(localdb)\mssqllocaldb'.
dbug: Microsoft.EntityFrameworkCore.Database.Connection[20003]
      Closed connection to database 'AlFalahDb' on server '(localdb)\mssqllocaldb' (0ms).
dbug: Microsoft.EntityFrameworkCore.Database.Connection[20000]
      Opening connection to database 'AlFalahDb' on server '(localdb)\mssqllocaldb'.
dbug: Microsoft.EntityFrameworkCore.Database.Connection[20001]
      Opened connection to database 'AlFalahDb' on server '(localdb)\mssqllocaldb'.
info: Microsoft.EntityFrameworkCore.Database.Command[20101]
      Executed DbCommand (0ms) [Parameters=[@__permName_0='?' (Size = 4000)], CommandType='Text', CommandTimeout='30']
      SELECT TOP(1) [p].[Id], [p].[CreatedAt], [p].[DescriptionAr], [p].[DescriptionEn], [p].[Group], [p].[Name]
      FROM [Permissions] AS [p]
      WHERE [p].[Name] = @__permName_0
dbug: Microsoft.EntityFrameworkCore.Database.Connection[20002]
      Closing connection to database 'AlFalahDb' on server '(localdb)\mssqllocaldb'.
dbug: Microsoft.EntityFrameworkCore.Database.Connection[20003]
      Closed connection to database 'AlFalahDb' on server '(localdb)\mssqllocaldb' (0ms).
dbug: Microsoft.EntityFrameworkCore.Database.Connection[20000]
      Opening connection to database 'AlFalahDb' on server '(localdb)\mssqllocaldb'.
dbug: Microsoft.EntityFrameworkCore.Database.Connection[20001]
      Opened connection to database 'AlFalahDb' on server '(localdb)\mssqllocaldb'.
info: Microsoft.EntityFrameworkCore.Database.Command[20101]
      Executed DbCommand (0ms) [Parameters=[@__permName_0='?' (Size = 4000)], CommandType='Text', CommandTimeout='30']
      SELECT TOP(1) [p].[Id], [p].[CreatedAt], [p].[DescriptionAr], [p].[DescriptionEn], [p].[Group], [p].[Name]
      FROM [Permissions] AS [p]
      WHERE [p].[Name] = @__permName_0
dbug: Microsoft.EntityFrameworkCore.Database.Connection[20002]
      Closing connection to database 'AlFalahDb' on server '(localdb)\mssqllocaldb'.
dbug: Microsoft.EntityFrameworkCore.Database.Connection[20003]
      Closed connection to database 'AlFalahDb' on server '(localdb)\mssqllocaldb' (0ms).
dbug: Microsoft.EntityFrameworkCore.Database.Connection[20000]
      Opening connection to database 'AlFalahDb' on server '(localdb)\mssqllocaldb'.
dbug: Microsoft.EntityFrameworkCore.Database.Connection[20001]
      Opened connection to database 'AlFalahDb' on server '(localdb)\mssqllocaldb'.
info: Microsoft.EntityFrameworkCore.Database.Command[20101]
      Executed DbCommand (0ms) [Parameters=[@__permName_0='?' (Size = 4000)], CommandType='Text', CommandTimeout='30']
      SELECT TOP(1) [p].[Id], [p].[CreatedAt], [p].[DescriptionAr], [p].[DescriptionEn], [p].[Group], [p].[Name]
      FROM [Permissions] AS [p]
      WHERE [p].[Name] = @__permName_0
dbug: Microsoft.EntityFrameworkCore.Database.Connection[20002]
      Closing connection to database 'AlFalahDb' on server '(localdb)\mssqllocaldb'.
dbug: Microsoft.EntityFrameworkCore.Database.Connection[20003]
      Closed connection to database 'AlFalahDb' on server '(localdb)\mssqllocaldb' (0ms).
dbug: Microsoft.EntityFrameworkCore.Database.Connection[20000]
      Opening connection to database 'AlFalahDb' on server '(localdb)\mssqllocaldb'.
dbug: Microsoft.EntityFrameworkCore.Database.Connection[20001]
      Opened connection to database 'AlFalahDb' on server '(localdb)\mssqllocaldb'.
info: Microsoft.EntityFrameworkCore.Database.Command[20101]
      Executed DbCommand (0ms) [Parameters=[@__permName_0='?' (Size = 4000)], CommandType='Text', CommandTimeout='30']
      SELECT TOP(1) [p].[Id], [p].[CreatedAt], [p].[DescriptionAr], [p].[DescriptionEn], [p].[Group], [p].[Name]
      FROM [Permissions] AS [p]
      WHERE [p].[Name] = @__permName_0
dbug: Microsoft.EntityFrameworkCore.Database.Connection[20002]
      Closing connection to database 'AlFalahDb' on server '(localdb)\mssqllocaldb'.
dbug: Microsoft.EntityFrameworkCore.Database.Connection[20003]
      Closed connection to database 'AlFalahDb' on server '(localdb)\mssqllocaldb' (0ms).
dbug: Microsoft.EntityFrameworkCore.Database.Connection[20000]
      Opening connection to database 'AlFalahDb' on server '(localdb)\mssqllocaldb'.
dbug: Microsoft.EntityFrameworkCore.Database.Connection[20001]
      Opened connection to database 'AlFalahDb' on server '(localdb)\mssqllocaldb'.
info: Microsoft.EntityFrameworkCore.Database.Command[20101]
      Executed DbCommand (0ms) [Parameters=[@__permName_0='?' (Size = 4000)], CommandType='Text', CommandTimeout='30']
      SELECT TOP(1) [p].[Id], [p].[CreatedAt], [p].[DescriptionAr], [p].[DescriptionEn], [p].[Group], [p].[Name]
      FROM [Permissions] AS [p]
      WHERE [p].[Name] = @__permName_0
dbug: Microsoft.EntityFrameworkCore.Database.Connection[20002]
      Closing connection to database 'AlFalahDb' on server '(localdb)\mssqllocaldb'.
dbug: Microsoft.EntityFrameworkCore.Database.Connection[20003]
      Closed connection to database 'AlFalahDb' on server '(localdb)\mssqllocaldb' (0ms).
dbug: Microsoft.EntityFrameworkCore.Database.Connection[20000]
      Opening connection to database 'AlFalahDb' on server '(localdb)\mssqllocaldb'.
dbug: Microsoft.EntityFrameworkCore.Database.Connection[20001]
      Opened connection to database 'AlFalahDb' on server '(localdb)\mssqllocaldb'.
info: Microsoft.EntityFrameworkCore.Database.Command[20101]
      Executed DbCommand (0ms) [Parameters=[@__permName_0='?' (Size = 4000)], CommandType='Text', CommandTimeout='30']
      SELECT TOP(1) [p].[Id], [p].[CreatedAt], [p].[DescriptionAr], [p].[DescriptionEn], [p].[Group], [p].[Name]
      FROM [Permissions] AS [p]
      WHERE [p].[Name] = @__permName_0
dbug: Microsoft.EntityFrameworkCore.Database.Connection[20002]
      Closing connection to database 'AlFalahDb' on server '(localdb)\mssqllocaldb'.
dbug: Microsoft.EntityFrameworkCore.Database.Connection[20003]
      Closed connection to database 'AlFalahDb' on server '(localdb)\mssqllocaldb' (0ms).
dbug: Microsoft.EntityFrameworkCore.Database.Connection[20000]
      Opening connection to database 'AlFalahDb' on server '(localdb)\mssqllocaldb'.
dbug: Microsoft.EntityFrameworkCore.Database.Connection[20001]
      Opened connection to database 'AlFalahDb' on server '(localdb)\mssqllocaldb'.
info: Microsoft.EntityFrameworkCore.Database.Command[20101]
      Executed DbCommand (0ms) [Parameters=[@__permName_0='?' (Size = 4000)], CommandType='Text', CommandTimeout='30']
      SELECT TOP(1) [p].[Id], [p].[CreatedAt], [p].[DescriptionAr], [p].[DescriptionEn], [p].[Group], [p].[Name]
      FROM [Permissions] AS [p]
      WHERE [p].[Name] = @__permName_0
dbug: Microsoft.EntityFrameworkCore.Database.Connection[20002]
      Closing connection to database 'AlFalahDb' on server '(localdb)\mssqllocaldb'.
dbug: Microsoft.EntityFrameworkCore.Database.Connection[20003]
      Closed connection to database 'AlFalahDb' on server '(localdb)\mssqllocaldb' (0ms).
dbug: Microsoft.EntityFrameworkCore.Database.Connection[20000]
      Opening connection to database 'AlFalahDb' on server '(localdb)\mssqllocaldb'.
dbug: Microsoft.EntityFrameworkCore.Database.Connection[20001]
      Opened connection to database 'AlFalahDb' on server '(localdb)\mssqllocaldb'.
info: Microsoft.EntityFrameworkCore.Database.Command[20101]
      Executed DbCommand (0ms) [Parameters=[@__permName_0='?' (Size = 4000)], CommandType='Text', CommandTimeout='30']
      SELECT TOP(1) [p].[Id], [p].[CreatedAt], [p].[DescriptionAr], [p].[DescriptionEn], [p].[Group], [p].[Name]
      FROM [Permissions] AS [p]
      WHERE [p].[Name] = @__permName_0
dbug: Microsoft.EntityFrameworkCore.Database.Connection[20002]
      Closing connection to database 'AlFalahDb' on server '(localdb)\mssqllocaldb'.
dbug: Microsoft.EntityFrameworkCore.Database.Connection[20003]
      Closed connection to database 'AlFalahDb' on server '(localdb)\mssqllocaldb' (0ms).
dbug: Microsoft.EntityFrameworkCore.Database.Connection[20000]
      Opening connection to database 'AlFalahDb' on server '(localdb)\mssqllocaldb'.
dbug: Microsoft.EntityFrameworkCore.Database.Connection[20001]
      Opened connection to database 'AlFalahDb' on server '(localdb)\mssqllocaldb'.
info: Microsoft.EntityFrameworkCore.Database.Command[20101]
      Executed DbCommand (0ms) [Parameters=[@__permName_0='?' (Size = 4000)], CommandType='Text', CommandTimeout='30']
      SELECT TOP(1) [p].[Id], [p].[CreatedAt], [p].[DescriptionAr], [p].[DescriptionEn], [p].[Group], [p].[Name]
      FROM [Permissions] AS [p]
      WHERE [p].[Name] = @__permName_0
dbug: Microsoft.EntityFrameworkCore.Database.Connection[20002]
      Closing connection to database 'AlFalahDb' on server '(localdb)\mssqllocaldb'.
dbug: Microsoft.EntityFrameworkCore.Database.Connection[20003]
      Closed connection to database 'AlFalahDb' on server '(localdb)\mssqllocaldb' (0ms).
dbug: Microsoft.EntityFrameworkCore.Database.Connection[20000]
      Opening connection to database 'AlFalahDb' on server '(localdb)\mssqllocaldb'.
dbug: Microsoft.EntityFrameworkCore.Database.Connection[20001]
      Opened connection to database 'AlFalahDb' on server '(localdb)\mssqllocaldb'.
info: Microsoft.EntityFrameworkCore.Database.Command[20101]
      Executed DbCommand (0ms) [Parameters=[@__permName_0='?' (Size = 4000)], CommandType='Text', CommandTimeout='30']
      SELECT TOP(1) [p].[Id], [p].[CreatedAt], [p].[DescriptionAr], [p].[DescriptionEn], [p].[Group], [p].[Name]
      FROM [Permissions] AS [p]
      WHERE [p].[Name] = @__permName_0
dbug: Microsoft.EntityFrameworkCore.Database.Connection[20002]
      Closing connection to database 'AlFalahDb' on server '(localdb)\mssqllocaldb'.
dbug: Microsoft.EntityFrameworkCore.Database.Connection[20003]
      Closed connection to database 'AlFalahDb' on server '(localdb)\mssqllocaldb' (0ms).
dbug: Microsoft.EntityFrameworkCore.Database.Connection[20000]
      Opening connection to database 'AlFalahDb' on server '(localdb)\mssqllocaldb'.
dbug: Microsoft.EntityFrameworkCore.Database.Connection[20001]
      Opened connection to database 'AlFalahDb' on server '(localdb)\mssqllocaldb'.
info: Microsoft.EntityFrameworkCore.Database.Command[20101]
      Executed DbCommand (0ms) [Parameters=[@__role_Id_0='?' (Size = 450)], CommandType='Text', CommandTimeout='30']
      SELECT [r].[Id], [r].[CreatedAt], [r].[PermissionId], [r].[RoleId]
      FROM [RolePermissions] AS [r]
      WHERE [r].[RoleId] = @__role_Id_0
dbug: Microsoft.EntityFrameworkCore.ChangeTracking[10805]
      The navigation 'RolePermission.Role' was detected as changed. Consider using 'DbContextOptionsBuilder.EnableSensitiveDataLogging' to see key values.
dbug: Microsoft.EntityFrameworkCore.ChangeTracking[10806]
      Context 'AlFalahDbContext' started tracking 'RolePermission' entity. Consider using 'DbContextOptionsBuilder.EnableSensitiveDataLogging' to see key values.
dbug: Microsoft.EntityFrameworkCore.ChangeTracking[10805]
      The navigation 'RolePermission.Role' was detected as changed. Consider using 'DbContextOptionsBuilder.EnableSensitiveDataLogging' to see key values.
dbug: Microsoft.EntityFrameworkCore.ChangeTracking[10806]
      Context 'AlFalahDbContext' started tracking 'RolePermission' entity. Consider using 'DbContextOptionsBuilder.EnableSensitiveDataLogging' to see key values.
dbug: Microsoft.EntityFrameworkCore.ChangeTracking[10805]
      The navigation 'RolePermission.Role' was detected as changed. Consider using 'DbContextOptionsBuilder.EnableSensitiveDataLogging' to see key values.
dbug: Microsoft.EntityFrameworkCore.ChangeTracking[10806]
      Context 'AlFalahDbContext' started tracking 'RolePermission' entity. Consider using 'DbContextOptionsBuilder.EnableSensitiveDataLogging' to see key values.
dbug: Microsoft.EntityFrameworkCore.ChangeTracking[10805]
      The navigation 'RolePermission.Role' was detected as changed. Consider using 'DbContextOptionsBuilder.EnableSensitiveDataLogging' to see key values.
dbug: Microsoft.EntityFrameworkCore.ChangeTracking[10806]
      Context 'AlFalahDbContext' started tracking 'RolePermission' entity. Consider using 'DbContextOptionsBuilder.EnableSensitiveDataLogging' to see key values.
dbug: Microsoft.EntityFrameworkCore.ChangeTracking[10805]
      The navigation 'RolePermission.Role' was detected as changed. Consider using 'DbContextOptionsBuilder.EnableSensitiveDataLogging' to see key values.
dbug: Microsoft.EntityFrameworkCore.ChangeTracking[10806]
      Context 'AlFalahDbContext' started tracking 'RolePermission' entity. Consider using 'DbContextOptionsBuilder.EnableSensitiveDataLogging' to see key values.
dbug: Microsoft.EntityFrameworkCore.ChangeTracking[10805]
      The navigation 'RolePermission.Role' was detected as changed. Consider using 'DbContextOptionsBuilder.EnableSensitiveDataLogging' to see key values.
dbug: Microsoft.EntityFrameworkCore.ChangeTracking[10806]
      Context 'AlFalahDbContext' started tracking 'RolePermission' entity. Consider using 'DbContextOptionsBuilder.EnableSensitiveDataLogging' to see key values.
dbug: Microsoft.EntityFrameworkCore.ChangeTracking[10805]
      The navigation 'RolePermission.Role' was detected as changed. Consider using 'DbContextOptionsBuilder.EnableSensitiveDataLogging' to see key values.
dbug: Microsoft.EntityFrameworkCore.ChangeTracking[10806]
      Context 'AlFalahDbContext' started tracking 'RolePermission' entity. Consider using 'DbContextOptionsBuilder.EnableSensitiveDataLogging' to see key values.
dbug: Microsoft.EntityFrameworkCore.ChangeTracking[10805]
      The navigation 'RolePermission.Role' was detected as changed. Consider using 'DbContextOptionsBuilder.EnableSensitiveDataLogging' to see key values.
dbug: Microsoft.EntityFrameworkCore.ChangeTracking[10806]
      Context 'AlFalahDbContext' started tracking 'RolePermission' entity. Consider using 'DbContextOptionsBuilder.EnableSensitiveDataLogging' to see key values.
dbug: Microsoft.EntityFrameworkCore.ChangeTracking[10805]
      The navigation 'RolePermission.Role' was detected as changed. Consider using 'DbContextOptionsBuilder.EnableSensitiveDataLogging' to see key values.
dbug: Microsoft.EntityFrameworkCore.ChangeTracking[10806]
      Context 'AlFalahDbContext' started tracking 'RolePermission' entity. Consider using 'DbContextOptionsBuilder.EnableSensitiveDataLogging' to see key values.
dbug: Microsoft.EntityFrameworkCore.ChangeTracking[10805]
      The navigation 'RolePermission.Role' was detected as changed. Consider using 'DbContextOptionsBuilder.EnableSensitiveDataLogging' to see key values.
dbug: Microsoft.EntityFrameworkCore.ChangeTracking[10806]
      Context 'AlFalahDbContext' started tracking 'RolePermission' entity. Consider using 'DbContextOptionsBuilder.EnableSensitiveDataLogging' to see key values.
dbug: Microsoft.EntityFrameworkCore.ChangeTracking[10805]
      The navigation 'RolePermission.Role' was detected as changed. Consider using 'DbContextOptionsBuilder.EnableSensitiveDataLogging' to see key values.
dbug: Microsoft.EntityFrameworkCore.ChangeTracking[10806]
      Context 'AlFalahDbContext' started tracking 'RolePermission' entity. Consider using 'DbContextOptionsBuilder.EnableSensitiveDataLogging' to see key values.
dbug: Microsoft.EntityFrameworkCore.ChangeTracking[10805]
      The navigation 'RolePermission.Role' was detected as changed. Consider using 'DbContextOptionsBuilder.EnableSensitiveDataLogging' to see key values.
dbug: Microsoft.EntityFrameworkCore.ChangeTracking[10806]
      Context 'AlFalahDbContext' started tracking 'RolePermission' entity. Consider using 'DbContextOptionsBuilder.EnableSensitiveDataLogging' to see key values.
dbug: Microsoft.EntityFrameworkCore.ChangeTracking[10805]
      The navigation 'RolePermission.Role' was detected as changed. Consider using 'DbContextOptionsBuilder.EnableSensitiveDataLogging' to see key values.
dbug: Microsoft.EntityFrameworkCore.ChangeTracking[10806]
      Context 'AlFalahDbContext' started tracking 'RolePermission' entity. Consider using 'DbContextOptionsBuilder.EnableSensitiveDataLogging' to see key values.
dbug: Microsoft.EntityFrameworkCore.ChangeTracking[10805]
      The navigation 'RolePermission.Role' was detected as changed. Consider using 'DbContextOptionsBuilder.EnableSensitiveDataLogging' to see key values.
dbug: Microsoft.EntityFrameworkCore.ChangeTracking[10806]
      Context 'AlFalahDbContext' started tracking 'RolePermission' entity. Consider using 'DbContextOptionsBuilder.EnableSensitiveDataLogging' to see key values.
dbug: Microsoft.EntityFrameworkCore.ChangeTracking[10805]
      The navigation 'RolePermission.Role' was detected as changed. Consider using 'DbContextOptionsBuilder.EnableSensitiveDataLogging' to see key values.
dbug: Microsoft.EntityFrameworkCore.ChangeTracking[10806]
      Context 'AlFalahDbContext' started tracking 'RolePermission' entity. Consider using 'DbContextOptionsBuilder.EnableSensitiveDataLogging' to see key values.
dbug: Microsoft.EntityFrameworkCore.ChangeTracking[10805]
      The navigation 'RolePermission.Role' was detected as changed. Consider using 'DbContextOptionsBuilder.EnableSensitiveDataLogging' to see key values.
dbug: Microsoft.EntityFrameworkCore.ChangeTracking[10806]
      Context 'AlFalahDbContext' started tracking 'RolePermission' entity. Consider using 'DbContextOptionsBuilder.EnableSensitiveDataLogging' to see key values.
dbug: Microsoft.EntityFrameworkCore.ChangeTracking[10805]
      The navigation 'RolePermission.Role' was detected as changed. Consider using 'DbContextOptionsBuilder.EnableSensitiveDataLogging' to see key values.
dbug: Microsoft.EntityFrameworkCore.ChangeTracking[10806]
      Context 'AlFalahDbContext' started tracking 'RolePermission' entity. Consider using 'DbContextOptionsBuilder.EnableSensitiveDataLogging' to see key values.
dbug: Microsoft.EntityFrameworkCore.ChangeTracking[10805]
      The navigation 'RolePermission.Role' was detected as changed. Consider using 'DbContextOptionsBuilder.EnableSensitiveDataLogging' to see key values.
dbug: Microsoft.EntityFrameworkCore.ChangeTracking[10806]
      Context 'AlFalahDbContext' started tracking 'RolePermission' entity. Consider using 'DbContextOptionsBuilder.EnableSensitiveDataLogging' to see key values.
dbug: Microsoft.EntityFrameworkCore.ChangeTracking[10805]
      The navigation 'RolePermission.Role' was detected as changed. Consider using 'DbContextOptionsBuilder.EnableSensitiveDataLogging' to see key values.
dbug: Microsoft.EntityFrameworkCore.ChangeTracking[10806]
      Context 'AlFalahDbContext' started tracking 'RolePermission' entity. Consider using 'DbContextOptionsBuilder.EnableSensitiveDataLogging' to see key values.
dbug: Microsoft.EntityFrameworkCore.ChangeTracking[10805]
      The navigation 'RolePermission.Role' was detected as changed. Consider using 'DbContextOptionsBuilder.EnableSensitiveDataLogging' to see key values.
dbug: Microsoft.EntityFrameworkCore.ChangeTracking[10806]
      Context 'AlFalahDbContext' started tracking 'RolePermission' entity. Consider using 'DbContextOptionsBuilder.EnableSensitiveDataLogging' to see key values.
dbug: Microsoft.EntityFrameworkCore.ChangeTracking[10805]
      The navigation 'RolePermission.Role' was detected as changed. Consider using 'DbContextOptionsBuilder.EnableSensitiveDataLogging' to see key values.
dbug: Microsoft.EntityFrameworkCore.ChangeTracking[10806]
      Context 'AlFalahDbContext' started tracking 'RolePermission' entity. Consider using 'DbContextOptionsBuilder.EnableSensitiveDataLogging' to see key values.
dbug: Microsoft.EntityFrameworkCore.ChangeTracking[10805]
      The navigation 'RolePermission.Role' was detected as changed. Consider using 'DbContextOptionsBuilder.EnableSensitiveDataLogging' to see key values.
dbug: Microsoft.EntityFrameworkCore.ChangeTracking[10806]
      Context 'AlFalahDbContext' started tracking 'RolePermission' entity. Consider using 'DbContextOptionsBuilder.EnableSensitiveDataLogging' to see key values.
dbug: Microsoft.EntityFrameworkCore.ChangeTracking[10805]
      The navigation 'RolePermission.Role' was detected as changed. Consider using 'DbContextOptionsBuilder.EnableSensitiveDataLogging' to see key values.
dbug: Microsoft.EntityFrameworkCore.ChangeTracking[10806]
      Context 'AlFalahDbContext' started tracking 'RolePermission' entity. Consider using 'DbContextOptionsBuilder.EnableSensitiveDataLogging' to see key values.
dbug: Microsoft.EntityFrameworkCore.ChangeTracking[10805]
      The navigation 'RolePermission.Role' was detected as changed. Consider using 'DbContextOptionsBuilder.EnableSensitiveDataLogging' to see key values.
dbug: Microsoft.EntityFrameworkCore.ChangeTracking[10806]
      Context 'AlFalahDbContext' started tracking 'RolePermission' entity. Consider using 'DbContextOptionsBuilder.EnableSensitiveDataLogging' to see key values.
dbug: Microsoft.EntityFrameworkCore.ChangeTracking[10805]
      The navigation 'RolePermission.Role' was detected as changed. Consider using 'DbContextOptionsBuilder.EnableSensitiveDataLogging' to see key values.
dbug: Microsoft.EntityFrameworkCore.ChangeTracking[10806]
      Context 'AlFalahDbContext' started tracking 'RolePermission' entity. Consider using 'DbContextOptionsBuilder.EnableSensitiveDataLogging' to see key values.
dbug: Microsoft.EntityFrameworkCore.ChangeTracking[10805]
      The navigation 'RolePermission.Role' was detected as changed. Consider using 'DbContextOptionsBuilder.EnableSensitiveDataLogging' to see key values.
dbug: Microsoft.EntityFrameworkCore.ChangeTracking[10806]
      Context 'AlFalahDbContext' started tracking 'RolePermission' entity. Consider using 'DbContextOptionsBuilder.EnableSensitiveDataLogging' to see key values.
dbug: Microsoft.EntityFrameworkCore.ChangeTracking[10805]
      The navigation 'RolePermission.Role' was detected as changed. Consider using 'DbContextOptionsBuilder.EnableSensitiveDataLogging' to see key values.
dbug: Microsoft.EntityFrameworkCore.ChangeTracking[10806]
      Context 'AlFalahDbContext' started tracking 'RolePermission' entity. Consider using 'DbContextOptionsBuilder.EnableSensitiveDataLogging' to see key values.
dbug: Microsoft.EntityFrameworkCore.ChangeTracking[10805]
      The navigation 'RolePermission.Role' was detected as changed. Consider using 'DbContextOptionsBuilder.EnableSensitiveDataLogging' to see key values.
dbug: Microsoft.EntityFrameworkCore.ChangeTracking[10806]
      Context 'AlFalahDbContext' started tracking 'RolePermission' entity. Consider using 'DbContextOptionsBuilder.EnableSensitiveDataLogging' to see key values.
dbug: Microsoft.EntityFrameworkCore.ChangeTracking[10805]
      The navigation 'RolePermission.Role' was detected as changed. Consider using 'DbContextOptionsBuilder.EnableSensitiveDataLogging' to see key values.
dbug: Microsoft.EntityFrameworkCore.ChangeTracking[10806]
      Context 'AlFalahDbContext' started tracking 'RolePermission' entity. Consider using 'DbContextOptionsBuilder.EnableSensitiveDataLogging' to see key values.
dbug: Microsoft.EntityFrameworkCore.ChangeTracking[10805]
      The navigation 'RolePermission.Role' was detected as changed. Consider using 'DbContextOptionsBuilder.EnableSensitiveDataLogging' to see key values.
dbug: Microsoft.EntityFrameworkCore.ChangeTracking[10806]
      Context 'AlFalahDbContext' started tracking 'RolePermission' entity. Consider using 'DbContextOptionsBuilder.EnableSensitiveDataLogging' to see key values.
dbug: Microsoft.EntityFrameworkCore.ChangeTracking[10805]
      The navigation 'RolePermission.Role' was detected as changed. Consider using 'DbContextOptionsBuilder.EnableSensitiveDataLogging' to see key values.
dbug: Microsoft.EntityFrameworkCore.ChangeTracking[10806]
      Context 'AlFalahDbContext' started tracking 'RolePermission' entity. Consider using 'DbContextOptionsBuilder.EnableSensitiveDataLogging' to see key values.
dbug: Microsoft.EntityFrameworkCore.ChangeTracking[10805]
      The navigation 'RolePermission.Role' was detected as changed. Consider using 'DbContextOptionsBuilder.EnableSensitiveDataLogging' to see key values.
dbug: Microsoft.EntityFrameworkCore.ChangeTracking[10806]
      Context 'AlFalahDbContext' started tracking 'RolePermission' entity. Consider using 'DbContextOptionsBuilder.EnableSensitiveDataLogging' to see key values.
dbug: Microsoft.EntityFrameworkCore.Database.Connection[20002]
      Closing connection to database 'AlFalahDb' on server '(localdb)\mssqllocaldb'.
dbug: Microsoft.EntityFrameworkCore.Database.Connection[20003]
      Closed connection to database 'AlFalahDb' on server '(localdb)\mssqllocaldb' (0ms).
dbug: Microsoft.EntityFrameworkCore.Database.Connection[20000]
      Opening connection to database 'AlFalahDb' on server '(localdb)\mssqllocaldb'.
dbug: Microsoft.EntityFrameworkCore.Database.Connection[20001]
      Opened connection to database 'AlFalahDb' on server '(localdb)\mssqllocaldb'.
info: Microsoft.EntityFrameworkCore.Database.Command[20101]
      Executed DbCommand (0ms) [Parameters=[@__normalizedName_0='?' (Size = 256)], CommandType='Text', CommandTimeout='30']
      SELECT TOP(1) [r].[Id], [r].[ConcurrencyStamp], [r].[CreatedAt], [r].[DescriptionAr], [r].[DescriptionEn], [r].[IsActive], [r].[Name], [r].[NormalizedName]
      FROM [Roles] AS [r]
      WHERE [r].[NormalizedName] = @__normalizedName_0
dbug: Microsoft.EntityFrameworkCore.Database.Connection[20002]
      Closing connection to database 'AlFalahDb' on server '(localdb)\mssqllocaldb'.
dbug: Microsoft.EntityFrameworkCore.Database.Connection[20003]
      Closed connection to database 'AlFalahDb' on server '(localdb)\mssqllocaldb' (0ms).
dbug: Microsoft.EntityFrameworkCore.Database.Connection[20000]
      Opening connection to database 'AlFalahDb' on server '(localdb)\mssqllocaldb'.
dbug: Microsoft.EntityFrameworkCore.Database.Connection[20001]
      Opened connection to database 'AlFalahDb' on server '(localdb)\mssqllocaldb'.
info: Microsoft.EntityFrameworkCore.Database.Command[20101]
      Executed DbCommand (0ms) [Parameters=[@__permName_0='?' (Size = 4000)], CommandType='Text', CommandTimeout='30']
      SELECT TOP(1) [p].[Id], [p].[CreatedAt], [p].[DescriptionAr], [p].[DescriptionEn], [p].[Group], [p].[Name]
      FROM [Permissions] AS [p]
      WHERE [p].[Name] = @__permName_0
dbug: Microsoft.EntityFrameworkCore.Database.Connection[20002]
      Closing connection to database 'AlFalahDb' on server '(localdb)\mssqllocaldb'.
dbug: Microsoft.EntityFrameworkCore.Database.Connection[20003]
      Closed connection to database 'AlFalahDb' on server '(localdb)\mssqllocaldb' (0ms).
dbug: Microsoft.EntityFrameworkCore.Database.Connection[20000]
      Opening connection to database 'AlFalahDb' on server '(localdb)\mssqllocaldb'.
dbug: Microsoft.EntityFrameworkCore.Database.Connection[20001]
      Opened connection to database 'AlFalahDb' on server '(localdb)\mssqllocaldb'.
info: Microsoft.EntityFrameworkCore.Database.Command[20101]
      Executed DbCommand (0ms) [Parameters=[@__permName_0='?' (Size = 4000)], CommandType='Text', CommandTimeout='30']
      SELECT TOP(1) [p].[Id], [p].[CreatedAt], [p].[DescriptionAr], [p].[DescriptionEn], [p].[Group], [p].[Name]
      FROM [Permissions] AS [p]
      WHERE [p].[Name] = @__permName_0
dbug: Microsoft.EntityFrameworkCore.Database.Connection[20002]
      Closing connection to database 'AlFalahDb' on server '(localdb)\mssqllocaldb'.
dbug: Microsoft.EntityFrameworkCore.Database.Connection[20003]
      Closed connection to database 'AlFalahDb' on server '(localdb)\mssqllocaldb' (0ms).
dbug: Microsoft.EntityFrameworkCore.Database.Connection[20000]
      Opening connection to database 'AlFalahDb' on server '(localdb)\mssqllocaldb'.
dbug: Microsoft.EntityFrameworkCore.Database.Connection[20001]
      Opened connection to database 'AlFalahDb' on server '(localdb)\mssqllocaldb'.
info: Microsoft.EntityFrameworkCore.Database.Command[20101]
      Executed DbCommand (0ms) [Parameters=[@__permName_0='?' (Size = 4000)], CommandType='Text', CommandTimeout='30']
      SELECT TOP(1) [p].[Id], [p].[CreatedAt], [p].[DescriptionAr], [p].[DescriptionEn], [p].[Group], [p].[Name]
      FROM [Permissions] AS [p]
      WHERE [p].[Name] = @__permName_0
dbug: Microsoft.EntityFrameworkCore.Database.Connection[20002]
      Closing connection to database 'AlFalahDb' on server '(localdb)\mssqllocaldb'.
dbug: Microsoft.EntityFrameworkCore.Database.Connection[20003]
      Closed connection to database 'AlFalahDb' on server '(localdb)\mssqllocaldb' (0ms).
dbug: Microsoft.EntityFrameworkCore.Database.Connection[20000]
      Opening connection to database 'AlFalahDb' on server '(localdb)\mssqllocaldb'.
dbug: Microsoft.EntityFrameworkCore.Database.Connection[20001]
      Opened connection to database 'AlFalahDb' on server '(localdb)\mssqllocaldb'.
info: Microsoft.EntityFrameworkCore.Database.Command[20101]
      Executed DbCommand (0ms) [Parameters=[@__permName_0='?' (Size = 4000)], CommandType='Text', CommandTimeout='30']
      SELECT TOP(1) [p].[Id], [p].[CreatedAt], [p].[DescriptionAr], [p].[DescriptionEn], [p].[Group], [p].[Name]
      FROM [Permissions] AS [p]
      WHERE [p].[Name] = @__permName_0
dbug: Microsoft.EntityFrameworkCore.Database.Connection[20002]
      Closing connection to database 'AlFalahDb' on server '(localdb)\mssqllocaldb'.
dbug: Microsoft.EntityFrameworkCore.Database.Connection[20003]
      Closed connection to database 'AlFalahDb' on server '(localdb)\mssqllocaldb' (0ms).
dbug: Microsoft.EntityFrameworkCore.Database.Connection[20000]
      Opening connection to database 'AlFalahDb' on server '(localdb)\mssqllocaldb'.
dbug: Microsoft.EntityFrameworkCore.Database.Connection[20001]
      Opened connection to database 'AlFalahDb' on server '(localdb)\mssqllocaldb'.
info: Microsoft.EntityFrameworkCore.Database.Command[20101]
      Executed DbCommand (0ms) [Parameters=[@__permName_0='?' (Size = 4000)], CommandType='Text', CommandTimeout='30']
      SELECT TOP(1) [p].[Id], [p].[CreatedAt], [p].[DescriptionAr], [p].[DescriptionEn], [p].[Group], [p].[Name]
      FROM [Permissions] AS [p]
      WHERE [p].[Name] = @__permName_0
dbug: Microsoft.EntityFrameworkCore.Database.Connection[20002]
      Closing connection to database 'AlFalahDb' on server '(localdb)\mssqllocaldb'.
dbug: Microsoft.EntityFrameworkCore.Database.Connection[20003]
      Closed connection to database 'AlFalahDb' on server '(localdb)\mssqllocaldb' (0ms).
dbug: Microsoft.EntityFrameworkCore.Database.Connection[20000]
      Opening connection to database 'AlFalahDb' on server '(localdb)\mssqllocaldb'.
dbug: Microsoft.EntityFrameworkCore.Database.Connection[20001]
      Opened connection to database 'AlFalahDb' on server '(localdb)\mssqllocaldb'.
info: Microsoft.EntityFrameworkCore.Database.Command[20101]
      Executed DbCommand (0ms) [Parameters=[@__permName_0='?' (Size = 4000)], CommandType='Text', CommandTimeout='30']
      SELECT TOP(1) [p].[Id], [p].[CreatedAt], [p].[DescriptionAr], [p].[DescriptionEn], [p].[Group], [p].[Name]
      FROM [Permissions] AS [p]
      WHERE [p].[Name] = @__permName_0
dbug: Microsoft.EntityFrameworkCore.Database.Connection[20002]
      Closing connection to database 'AlFalahDb' on server '(localdb)\mssqllocaldb'.
dbug: Microsoft.EntityFrameworkCore.Database.Connection[20003]
      Closed connection to database 'AlFalahDb' on server '(localdb)\mssqllocaldb' (0ms).
dbug: Microsoft.EntityFrameworkCore.Database.Connection[20000]
      Opening connection to database 'AlFalahDb' on server '(localdb)\mssqllocaldb'.
dbug: Microsoft.EntityFrameworkCore.Database.Connection[20001]
      Opened connection to database 'AlFalahDb' on server '(localdb)\mssqllocaldb'.
info: Microsoft.EntityFrameworkCore.Database.Command[20101]
      Executed DbCommand (0ms) [Parameters=[@__permName_0='?' (Size = 4000)], CommandType='Text', CommandTimeout='30']
      SELECT TOP(1) [p].[Id], [p].[CreatedAt], [p].[DescriptionAr], [p].[DescriptionEn], [p].[Group], [p].[Name]
      FROM [Permissions] AS [p]
      WHERE [p].[Name] = @__permName_0
dbug: Microsoft.EntityFrameworkCore.Database.Connection[20002]
      Closing connection to database 'AlFalahDb' on server '(localdb)\mssqllocaldb'.
dbug: Microsoft.EntityFrameworkCore.Database.Connection[20003]
      Closed connection to database 'AlFalahDb' on server '(localdb)\mssqllocaldb' (0ms).
dbug: Microsoft.EntityFrameworkCore.Database.Connection[20000]
      Opening connection to database 'AlFalahDb' on server '(localdb)\mssqllocaldb'.
dbug: Microsoft.EntityFrameworkCore.Database.Connection[20001]
      Opened connection to database 'AlFalahDb' on server '(localdb)\mssqllocaldb'.
info: Microsoft.EntityFrameworkCore.Database.Command[20101]
      Executed DbCommand (0ms) [Parameters=[@__permName_0='?' (Size = 4000)], CommandType='Text', CommandTimeout='30']
      SELECT TOP(1) [p].[Id], [p].[CreatedAt], [p].[DescriptionAr], [p].[DescriptionEn], [p].[Group], [p].[Name]
      FROM [Permissions] AS [p]
      WHERE [p].[Name] = @__permName_0
dbug: Microsoft.EntityFrameworkCore.Database.Connection[20002]
      Closing connection to database 'AlFalahDb' on server '(localdb)\mssqllocaldb'.
dbug: Microsoft.EntityFrameworkCore.Database.Connection[20003]
      Closed connection to database 'AlFalahDb' on server '(localdb)\mssqllocaldb' (0ms).
dbug: Microsoft.EntityFrameworkCore.Database.Connection[20000]
      Opening connection to database 'AlFalahDb' on server '(localdb)\mssqllocaldb'.
dbug: Microsoft.EntityFrameworkCore.Database.Connection[20001]
      Opened connection to database 'AlFalahDb' on server '(localdb)\mssqllocaldb'.
info: Microsoft.EntityFrameworkCore.Database.Command[20101]
      Executed DbCommand (0ms) [Parameters=[@__permName_0='?' (Size = 4000)], CommandType='Text', CommandTimeout='30']
      SELECT TOP(1) [p].[Id], [p].[CreatedAt], [p].[DescriptionAr], [p].[DescriptionEn], [p].[Group], [p].[Name]
      FROM [Permissions] AS [p]
      WHERE [p].[Name] = @__permName_0
dbug: Microsoft.EntityFrameworkCore.Database.Connection[20002]
      Closing connection to database 'AlFalahDb' on server '(localdb)\mssqllocaldb'.
dbug: Microsoft.EntityFrameworkCore.Database.Connection[20003]
      Closed connection to database 'AlFalahDb' on server '(localdb)\mssqllocaldb' (0ms).
dbug: Microsoft.EntityFrameworkCore.Database.Connection[20000]
      Opening connection to database 'AlFalahDb' on server '(localdb)\mssqllocaldb'.
dbug: Microsoft.EntityFrameworkCore.Database.Connection[20001]
      Opened connection to database 'AlFalahDb' on server '(localdb)\mssqllocaldb'.
info: Microsoft.EntityFrameworkCore.Database.Command[20101]
      Executed DbCommand (0ms) [Parameters=[@__permName_0='?' (Size = 4000)], CommandType='Text', CommandTimeout='30']
      SELECT TOP(1) [p].[Id], [p].[CreatedAt], [p].[DescriptionAr], [p].[DescriptionEn], [p].[Group], [p].[Name]
      FROM [Permissions] AS [p]
      WHERE [p].[Name] = @__permName_0
dbug: Microsoft.EntityFrameworkCore.Database.Connection[20002]
      Closing connection to database 'AlFalahDb' on server '(localdb)\mssqllocaldb'.
dbug: Microsoft.EntityFrameworkCore.Database.Connection[20003]
      Closed connection to database 'AlFalahDb' on server '(localdb)\mssqllocaldb' (0ms).
dbug: Microsoft.EntityFrameworkCore.Database.Connection[20000]
      Opening connection to database 'AlFalahDb' on server '(localdb)\mssqllocaldb'.
dbug: Microsoft.EntityFrameworkCore.Database.Connection[20001]
      Opened connection to database 'AlFalahDb' on server '(localdb)\mssqllocaldb'.
info: Microsoft.EntityFrameworkCore.Database.Command[20101]
      Executed DbCommand (0ms) [Parameters=[@__permName_0='?' (Size = 4000)], CommandType='Text', CommandTimeout='30']
      SELECT TOP(1) [p].[Id], [p].[CreatedAt], [p].[DescriptionAr], [p].[DescriptionEn], [p].[Group], [p].[Name]
      FROM [Permissions] AS [p]
      WHERE [p].[Name] = @__permName_0
dbug: Microsoft.EntityFrameworkCore.Database.Connection[20002]
      Closing connection to database 'AlFalahDb' on server '(localdb)\mssqllocaldb'.
dbug: Microsoft.EntityFrameworkCore.Database.Connection[20003]
      Closed connection to database 'AlFalahDb' on server '(localdb)\mssqllocaldb' (0ms).
dbug: Microsoft.EntityFrameworkCore.Database.Connection[20000]
      Opening connection to database 'AlFalahDb' on server '(localdb)\mssqllocaldb'.
dbug: Microsoft.EntityFrameworkCore.Database.Connection[20001]
      Opened connection to database 'AlFalahDb' on server '(localdb)\mssqllocaldb'.
info: Microsoft.EntityFrameworkCore.Database.Command[20101]
      Executed DbCommand (0ms) [Parameters=[@__permName_0='?' (Size = 4000)], CommandType='Text', CommandTimeout='30']
      SELECT TOP(1) [p].[Id], [p].[CreatedAt], [p].[DescriptionAr], [p].[DescriptionEn], [p].[Group], [p].[Name]
      FROM [Permissions] AS [p]
      WHERE [p].[Name] = @__permName_0
dbug: Microsoft.EntityFrameworkCore.Database.Connection[20002]
      Closing connection to database 'AlFalahDb' on server '(localdb)\mssqllocaldb'.
dbug: Microsoft.EntityFrameworkCore.Database.Connection[20003]
      Closed connection to database 'AlFalahDb' on server '(localdb)\mssqllocaldb' (0ms).
dbug: Microsoft.EntityFrameworkCore.Database.Connection[20000]
      Opening connection to database 'AlFalahDb' on server '(localdb)\mssqllocaldb'.
dbug: Microsoft.EntityFrameworkCore.Database.Connection[20001]
      Opened connection to database 'AlFalahDb' on server '(localdb)\mssqllocaldb'.
info: Microsoft.EntityFrameworkCore.Database.Command[20101]
      Executed DbCommand (0ms) [Parameters=[@__permName_0='?' (Size = 4000)], CommandType='Text', CommandTimeout='30']
      SELECT TOP(1) [p].[Id], [p].[CreatedAt], [p].[DescriptionAr], [p].[DescriptionEn], [p].[Group], [p].[Name]
      FROM [Permissions] AS [p]
      WHERE [p].[Name] = @__permName_0
dbug: Microsoft.EntityFrameworkCore.Database.Connection[20002]
      Closing connection to database 'AlFalahDb' on server '(localdb)\mssqllocaldb'.
dbug: Microsoft.EntityFrameworkCore.Database.Connection[20003]
      Closed connection to database 'AlFalahDb' on server '(localdb)\mssqllocaldb' (0ms).
dbug: Microsoft.EntityFrameworkCore.Database.Connection[20000]
      Opening connection to database 'AlFalahDb' on server '(localdb)\mssqllocaldb'.
dbug: Microsoft.EntityFrameworkCore.Database.Connection[20001]
      Opened connection to database 'AlFalahDb' on server '(localdb)\mssqllocaldb'.
info: Microsoft.EntityFrameworkCore.Database.Command[20101]
      Executed DbCommand (0ms) [Parameters=[@__permName_0='?' (Size = 4000)], CommandType='Text', CommandTimeout='30']
      SELECT TOP(1) [p].[Id], [p].[CreatedAt], [p].[DescriptionAr], [p].[DescriptionEn], [p].[Group], [p].[Name]
      FROM [Permissions] AS [p]
      WHERE [p].[Name] = @__permName_0
dbug: Microsoft.EntityFrameworkCore.Database.Connection[20002]
      Closing connection to database 'AlFalahDb' on server '(localdb)\mssqllocaldb'.
dbug: Microsoft.EntityFrameworkCore.Database.Connection[20003]
      Closed connection to database 'AlFalahDb' on server '(localdb)\mssqllocaldb' (0ms).
dbug: Microsoft.EntityFrameworkCore.Database.Connection[20000]
      Opening connection to database 'AlFalahDb' on server '(localdb)\mssqllocaldb'.
dbug: Microsoft.EntityFrameworkCore.Database.Connection[20001]
      Opened connection to database 'AlFalahDb' on server '(localdb)\mssqllocaldb'.
info: Microsoft.EntityFrameworkCore.Database.Command[20101]
      Executed DbCommand (0ms) [Parameters=[@__permName_0='?' (Size = 4000)], CommandType='Text', CommandTimeout='30']
      SELECT TOP(1) [p].[Id], [p].[CreatedAt], [p].[DescriptionAr], [p].[DescriptionEn], [p].[Group], [p].[Name]
      FROM [Permissions] AS [p]
      WHERE [p].[Name] = @__permName_0
dbug: Microsoft.EntityFrameworkCore.Database.Connection[20002]
      Closing connection to database 'AlFalahDb' on server '(localdb)\mssqllocaldb'.
dbug: Microsoft.EntityFrameworkCore.Database.Connection[20003]
      Closed connection to database 'AlFalahDb' on server '(localdb)\mssqllocaldb' (0ms).
dbug: Microsoft.EntityFrameworkCore.Database.Connection[20000]
      Opening connection to database 'AlFalahDb' on server '(localdb)\mssqllocaldb'.
dbug: Microsoft.EntityFrameworkCore.Database.Connection[20001]
      Opened connection to database 'AlFalahDb' on server '(localdb)\mssqllocaldb'.
info: Microsoft.EntityFrameworkCore.Database.Command[20101]
      Executed DbCommand (0ms) [Parameters=[@__permName_0='?' (Size = 4000)], CommandType='Text', CommandTimeout='30']
      SELECT TOP(1) [p].[Id], [p].[CreatedAt], [p].[DescriptionAr], [p].[DescriptionEn], [p].[Group], [p].[Name]
      FROM [Permissions] AS [p]
      WHERE [p].[Name] = @__permName_0
dbug: Microsoft.EntityFrameworkCore.Database.Connection[20002]
      Closing connection to database 'AlFalahDb' on server '(localdb)\mssqllocaldb'.
dbug: Microsoft.EntityFrameworkCore.Database.Connection[20003]
      Closed connection to database 'AlFalahDb' on server '(localdb)\mssqllocaldb' (0ms).
dbug: Microsoft.EntityFrameworkCore.Database.Connection[20000]
      Opening connection to database 'AlFalahDb' on server '(localdb)\mssqllocaldb'.
dbug: Microsoft.EntityFrameworkCore.Database.Connection[20001]
      Opened connection to database 'AlFalahDb' on server '(localdb)\mssqllocaldb'.
info: Microsoft.EntityFrameworkCore.Database.Command[20101]
      Executed DbCommand (0ms) [Parameters=[@__permName_0='?' (Size = 4000)], CommandType='Text', CommandTimeout='30']
      SELECT TOP(1) [p].[Id], [p].[CreatedAt], [p].[DescriptionAr], [p].[DescriptionEn], [p].[Group], [p].[Name]
      FROM [Permissions] AS [p]
      WHERE [p].[Name] = @__permName_0
dbug: Microsoft.EntityFrameworkCore.Database.Connection[20002]
      Closing connection to database 'AlFalahDb' on server '(localdb)\mssqllocaldb'.
dbug: Microsoft.EntityFrameworkCore.Database.Connection[20003]
      Closed connection to database 'AlFalahDb' on server '(localdb)\mssqllocaldb' (0ms).
dbug: Microsoft.EntityFrameworkCore.Database.Connection[20000]
      Opening connection to database 'AlFalahDb' on server '(localdb)\mssqllocaldb'.
dbug: Microsoft.EntityFrameworkCore.Database.Connection[20001]
      Opened connection to database 'AlFalahDb' on server '(localdb)\mssqllocaldb'.
info: Microsoft.EntityFrameworkCore.Database.Command[20101]
      Executed DbCommand (0ms) [Parameters=[@__permName_0='?' (Size = 4000)], CommandType='Text', CommandTimeout='30']
      SELECT TOP(1) [p].[Id], [p].[CreatedAt], [p].[DescriptionAr], [p].[DescriptionEn], [p].[Group], [p].[Name]
      FROM [Permissions] AS [p]
      WHERE [p].[Name] = @__permName_0
dbug: Microsoft.EntityFrameworkCore.Database.Connection[20002]
      Closing connection to database 'AlFalahDb' on server '(localdb)\mssqllocaldb'.
dbug: Microsoft.EntityFrameworkCore.Database.Connection[20003]
      Closed connection to database 'AlFalahDb' on server '(localdb)\mssqllocaldb' (0ms).
dbug: Microsoft.EntityFrameworkCore.Database.Connection[20000]
      Opening connection to database 'AlFalahDb' on server '(localdb)\mssqllocaldb'.
dbug: Microsoft.EntityFrameworkCore.Database.Connection[20001]
      Opened connection to database 'AlFalahDb' on server '(localdb)\mssqllocaldb'.
info: Microsoft.EntityFrameworkCore.Database.Command[20101]
      Executed DbCommand (0ms) [Parameters=[@__permName_0='?' (Size = 4000)], CommandType='Text', CommandTimeout='30']
      SELECT TOP(1) [p].[Id], [p].[CreatedAt], [p].[DescriptionAr], [p].[DescriptionEn], [p].[Group], [p].[Name]
      FROM [Permissions] AS [p]
      WHERE [p].[Name] = @__permName_0
dbug: Microsoft.EntityFrameworkCore.Database.Connection[20002]
      Closing connection to database 'AlFalahDb' on server '(localdb)\mssqllocaldb'.
dbug: Microsoft.EntityFrameworkCore.Database.Connection[20003]
      Closed connection to database 'AlFalahDb' on server '(localdb)\mssqllocaldb' (0ms).
dbug: Microsoft.EntityFrameworkCore.Database.Connection[20000]
      Opening connection to database 'AlFalahDb' on server '(localdb)\mssqllocaldb'.
dbug: Microsoft.EntityFrameworkCore.Database.Connection[20001]
      Opened connection to database 'AlFalahDb' on server '(localdb)\mssqllocaldb'.
info: Microsoft.EntityFrameworkCore.Database.Command[20101]
      Executed DbCommand (0ms) [Parameters=[@__role_Id_0='?' (Size = 450)], CommandType='Text', CommandTimeout='30']
      SELECT [r].[Id], [r].[CreatedAt], [r].[PermissionId], [r].[RoleId]
      FROM [RolePermissions] AS [r]
      WHERE [r].[RoleId] = @__role_Id_0
dbug: Microsoft.EntityFrameworkCore.ChangeTracking[10805]
      The navigation 'RolePermission.Role' was detected as changed. Consider using 'DbContextOptionsBuilder.EnableSensitiveDataLogging' to see key values.
dbug: Microsoft.EntityFrameworkCore.ChangeTracking[10806]
      Context 'AlFalahDbContext' started tracking 'RolePermission' entity. Consider using 'DbContextOptionsBuilder.EnableSensitiveDataLogging' to see key values.
dbug: Microsoft.EntityFrameworkCore.ChangeTracking[10805]
      The navigation 'RolePermission.Role' was detected as changed. Consider using 'DbContextOptionsBuilder.EnableSensitiveDataLogging' to see key values.
dbug: Microsoft.EntityFrameworkCore.ChangeTracking[10806]
      Context 'AlFalahDbContext' started tracking 'RolePermission' entity. Consider using 'DbContextOptionsBuilder.EnableSensitiveDataLogging' to see key values.
dbug: Microsoft.EntityFrameworkCore.ChangeTracking[10805]
      The navigation 'RolePermission.Role' was detected as changed. Consider using 'DbContextOptionsBuilder.EnableSensitiveDataLogging' to see key values.
dbug: Microsoft.EntityFrameworkCore.ChangeTracking[10806]
      Context 'AlFalahDbContext' started tracking 'RolePermission' entity. Consider using 'DbContextOptionsBuilder.EnableSensitiveDataLogging' to see key values.
dbug: Microsoft.EntityFrameworkCore.ChangeTracking[10805]
      The navigation 'RolePermission.Role' was detected as changed. Consider using 'DbContextOptionsBuilder.EnableSensitiveDataLogging' to see key values.
dbug: Microsoft.EntityFrameworkCore.ChangeTracking[10806]
      Context 'AlFalahDbContext' started tracking 'RolePermission' entity. Consider using 'DbContextOptionsBuilder.EnableSensitiveDataLogging' to see key values.
dbug: Microsoft.EntityFrameworkCore.ChangeTracking[10805]
      The navigation 'RolePermission.Role' was detected as changed. Consider using 'DbContextOptionsBuilder.EnableSensitiveDataLogging' to see key values.
dbug: Microsoft.EntityFrameworkCore.ChangeTracking[10806]
      Context 'AlFalahDbContext' started tracking 'RolePermission' entity. Consider using 'DbContextOptionsBuilder.EnableSensitiveDataLogging' to see key values.
dbug: Microsoft.EntityFrameworkCore.ChangeTracking[10805]
      The navigation 'RolePermission.Role' was detected as changed. Consider using 'DbContextOptionsBuilder.EnableSensitiveDataLogging' to see key values.
dbug: Microsoft.EntityFrameworkCore.ChangeTracking[10806]
      Context 'AlFalahDbContext' started tracking 'RolePermission' entity. Consider using 'DbContextOptionsBuilder.EnableSensitiveDataLogging' to see key values.
dbug: Microsoft.EntityFrameworkCore.ChangeTracking[10805]
      The navigation 'RolePermission.Role' was detected as changed. Consider using 'DbContextOptionsBuilder.EnableSensitiveDataLogging' to see key values.
dbug: Microsoft.EntityFrameworkCore.ChangeTracking[10806]
      Context 'AlFalahDbContext' started tracking 'RolePermission' entity. Consider using 'DbContextOptionsBuilder.EnableSensitiveDataLogging' to see key values.
dbug: Microsoft.EntityFrameworkCore.ChangeTracking[10805]
      The navigation 'RolePermission.Role' was detected as changed. Consider using 'DbContextOptionsBuilder.EnableSensitiveDataLogging' to see key values.
dbug: Microsoft.EntityFrameworkCore.ChangeTracking[10806]
      Context 'AlFalahDbContext' started tracking 'RolePermission' entity. Consider using 'DbContextOptionsBuilder.EnableSensitiveDataLogging' to see key values.
dbug: Microsoft.EntityFrameworkCore.ChangeTracking[10805]
      The navigation 'RolePermission.Role' was detected as changed. Consider using 'DbContextOptionsBuilder.EnableSensitiveDataLogging' to see key values.
dbug: Microsoft.EntityFrameworkCore.ChangeTracking[10806]
      Context 'AlFalahDbContext' started tracking 'RolePermission' entity. Consider using 'DbContextOptionsBuilder.EnableSensitiveDataLogging' to see key values.
dbug: Microsoft.EntityFrameworkCore.ChangeTracking[10805]
      The navigation 'RolePermission.Role' was detected as changed. Consider using 'DbContextOptionsBuilder.EnableSensitiveDataLogging' to see key values.
dbug: Microsoft.EntityFrameworkCore.ChangeTracking[10806]
      Context 'AlFalahDbContext' started tracking 'RolePermission' entity. Consider using 'DbContextOptionsBuilder.EnableSensitiveDataLogging' to see key values.
dbug: Microsoft.EntityFrameworkCore.ChangeTracking[10805]
      The navigation 'RolePermission.Role' was detected as changed. Consider using 'DbContextOptionsBuilder.EnableSensitiveDataLogging' to see key values.
dbug: Microsoft.EntityFrameworkCore.ChangeTracking[10806]
      Context 'AlFalahDbContext' started tracking 'RolePermission' entity. Consider using 'DbContextOptionsBuilder.EnableSensitiveDataLogging' to see key values.
dbug: Microsoft.EntityFrameworkCore.ChangeTracking[10805]
      The navigation 'RolePermission.Role' was detected as changed. Consider using 'DbContextOptionsBuilder.EnableSensitiveDataLogging' to see key values.
dbug: Microsoft.EntityFrameworkCore.ChangeTracking[10806]
      Context 'AlFalahDbContext' started tracking 'RolePermission' entity. Consider using 'DbContextOptionsBuilder.EnableSensitiveDataLogging' to see key values.
dbug: Microsoft.EntityFrameworkCore.ChangeTracking[10805]
      The navigation 'RolePermission.Role' was detected as changed. Consider using 'DbContextOptionsBuilder.EnableSensitiveDataLogging' to see key values.
dbug: Microsoft.EntityFrameworkCore.ChangeTracking[10806]
      Context 'AlFalahDbContext' started tracking 'RolePermission' entity. Consider using 'DbContextOptionsBuilder.EnableSensitiveDataLogging' to see key values.
dbug: Microsoft.EntityFrameworkCore.ChangeTracking[10805]
      The navigation 'RolePermission.Role' was detected as changed. Consider using 'DbContextOptionsBuilder.EnableSensitiveDataLogging' to see key values.
dbug: Microsoft.EntityFrameworkCore.ChangeTracking[10806]
      Context 'AlFalahDbContext' started tracking 'RolePermission' entity. Consider using 'DbContextOptionsBuilder.EnableSensitiveDataLogging' to see key values.
dbug: Microsoft.EntityFrameworkCore.ChangeTracking[10805]
      The navigation 'RolePermission.Role' was detected as changed. Consider using 'DbContextOptionsBuilder.EnableSensitiveDataLogging' to see key values.
dbug: Microsoft.EntityFrameworkCore.ChangeTracking[10806]
      Context 'AlFalahDbContext' started tracking 'RolePermission' entity. Consider using 'DbContextOptionsBuilder.EnableSensitiveDataLogging' to see key values.
dbug: Microsoft.EntityFrameworkCore.ChangeTracking[10805]
      The navigation 'RolePermission.Role' was detected as changed. Consider using 'DbContextOptionsBuilder.EnableSensitiveDataLogging' to see key values.
dbug: Microsoft.EntityFrameworkCore.ChangeTracking[10806]
      Context 'AlFalahDbContext' started tracking 'RolePermission' entity. Consider using 'DbContextOptionsBuilder.EnableSensitiveDataLogging' to see key values.
dbug: Microsoft.EntityFrameworkCore.ChangeTracking[10805]
      The navigation 'RolePermission.Role' was detected as changed. Consider using 'DbContextOptionsBuilder.EnableSensitiveDataLogging' to see key values.
dbug: Microsoft.EntityFrameworkCore.ChangeTracking[10806]
      Context 'AlFalahDbContext' started tracking 'RolePermission' entity. Consider using 'DbContextOptionsBuilder.EnableSensitiveDataLogging' to see key values.
dbug: Microsoft.EntityFrameworkCore.ChangeTracking[10805]
      The navigation 'RolePermission.Role' was detected as changed. Consider using 'DbContextOptionsBuilder.EnableSensitiveDataLogging' to see key values.
dbug: Microsoft.EntityFrameworkCore.ChangeTracking[10806]
      Context 'AlFalahDbContext' started tracking 'RolePermission' entity. Consider using 'DbContextOptionsBuilder.EnableSensitiveDataLogging' to see key values.
dbug: Microsoft.EntityFrameworkCore.ChangeTracking[10805]
      The navigation 'RolePermission.Role' was detected as changed. Consider using 'DbContextOptionsBuilder.EnableSensitiveDataLogging' to see key values.
dbug: Microsoft.EntityFrameworkCore.ChangeTracking[10806]
      Context 'AlFalahDbContext' started tracking 'RolePermission' entity. Consider using 'DbContextOptionsBuilder.EnableSensitiveDataLogging' to see key values.
dbug: Microsoft.EntityFrameworkCore.Database.Connection[20002]
      Closing connection to database 'AlFalahDb' on server '(localdb)\mssqllocaldb'.
dbug: Microsoft.EntityFrameworkCore.Database.Connection[20003]
      Closed connection to database 'AlFalahDb' on server '(localdb)\mssqllocaldb' (0ms).
dbug: Microsoft.EntityFrameworkCore.Database.Connection[20000]
      Opening connection to database 'AlFalahDb' on server '(localdb)\mssqllocaldb'.
dbug: Microsoft.EntityFrameworkCore.Database.Connection[20001]
      Opened connection to database 'AlFalahDb' on server '(localdb)\mssqllocaldb'.
info: Microsoft.EntityFrameworkCore.Database.Command[20101]
      Executed DbCommand (0ms) [Parameters=[@__normalizedName_0='?' (Size = 256)], CommandType='Text', CommandTimeout='30']
      SELECT TOP(1) [r].[Id], [r].[ConcurrencyStamp], [r].[CreatedAt], [r].[DescriptionAr], [r].[DescriptionEn], [r].[IsActive], [r].[Name], [r].[NormalizedName]
      FROM [Roles] AS [r]
      WHERE [r].[NormalizedName] = @__normalizedName_0
dbug: Microsoft.EntityFrameworkCore.Database.Connection[20002]
      Closing connection to database 'AlFalahDb' on server '(localdb)\mssqllocaldb'.
dbug: Microsoft.EntityFrameworkCore.Database.Connection[20003]
      Closed connection to database 'AlFalahDb' on server '(localdb)\mssqllocaldb' (0ms).
dbug: Microsoft.EntityFrameworkCore.Database.Connection[20000]
      Opening connection to database 'AlFalahDb' on server '(localdb)\mssqllocaldb'.
dbug: Microsoft.EntityFrameworkCore.Database.Connection[20001]
      Opened connection to database 'AlFalahDb' on server '(localdb)\mssqllocaldb'.
info: Microsoft.EntityFrameworkCore.Database.Command[20101]
      Executed DbCommand (0ms) [Parameters=[@__permName_0='?' (Size = 4000)], CommandType='Text', CommandTimeout='30']
      SELECT TOP(1) [p].[Id], [p].[CreatedAt], [p].[DescriptionAr], [p].[DescriptionEn], [p].[Group], [p].[Name]
      FROM [Permissions] AS [p]
      WHERE [p].[Name] = @__permName_0
dbug: Microsoft.EntityFrameworkCore.Database.Connection[20002]
      Closing connection to database 'AlFalahDb' on server '(localdb)\mssqllocaldb'.
dbug: Microsoft.EntityFrameworkCore.Database.Connection[20003]
      Closed connection to database 'AlFalahDb' on server '(localdb)\mssqllocaldb' (0ms).
dbug: Microsoft.EntityFrameworkCore.Database.Connection[20000]
      Opening connection to database 'AlFalahDb' on server '(localdb)\mssqllocaldb'.
dbug: Microsoft.EntityFrameworkCore.Database.Connection[20001]
      Opened connection to database 'AlFalahDb' on server '(localdb)\mssqllocaldb'.
info: Microsoft.EntityFrameworkCore.Database.Command[20101]
      Executed DbCommand (0ms) [Parameters=[@__permName_0='?' (Size = 4000)], CommandType='Text', CommandTimeout='30']
      SELECT TOP(1) [p].[Id], [p].[CreatedAt], [p].[DescriptionAr], [p].[DescriptionEn], [p].[Group], [p].[Name]
      FROM [Permissions] AS [p]
      WHERE [p].[Name] = @__permName_0
dbug: Microsoft.EntityFrameworkCore.Database.Connection[20002]
      Closing connection to database 'AlFalahDb' on server '(localdb)\mssqllocaldb'.
dbug: Microsoft.EntityFrameworkCore.Database.Connection[20003]
      Closed connection to database 'AlFalahDb' on server '(localdb)\mssqllocaldb' (0ms).
dbug: Microsoft.EntityFrameworkCore.Database.Connection[20000]
      Opening connection to database 'AlFalahDb' on server '(localdb)\mssqllocaldb'.
dbug: Microsoft.EntityFrameworkCore.Database.Connection[20001]
      Opened connection to database 'AlFalahDb' on server '(localdb)\mssqllocaldb'.
info: Microsoft.EntityFrameworkCore.Database.Command[20101]
      Executed DbCommand (0ms) [Parameters=[@__permName_0='?' (Size = 4000)], CommandType='Text', CommandTimeout='30']
      SELECT TOP(1) [p].[Id], [p].[CreatedAt], [p].[DescriptionAr], [p].[DescriptionEn], [p].[Group], [p].[Name]
      FROM [Permissions] AS [p]
      WHERE [p].[Name] = @__permName_0
dbug: Microsoft.EntityFrameworkCore.Database.Connection[20002]
      Closing connection to database 'AlFalahDb' on server '(localdb)\mssqllocaldb'.
dbug: Microsoft.EntityFrameworkCore.Database.Connection[20003]
      Closed connection to database 'AlFalahDb' on server '(localdb)\mssqllocaldb' (0ms).
dbug: Microsoft.EntityFrameworkCore.Database.Connection[20000]
      Opening connection to database 'AlFalahDb' on server '(localdb)\mssqllocaldb'.
dbug: Microsoft.EntityFrameworkCore.Database.Connection[20001]
      Opened connection to database 'AlFalahDb' on server '(localdb)\mssqllocaldb'.
info: Microsoft.EntityFrameworkCore.Database.Command[20101]
      Executed DbCommand (0ms) [Parameters=[@__permName_0='?' (Size = 4000)], CommandType='Text', CommandTimeout='30']
      SELECT TOP(1) [p].[Id], [p].[CreatedAt], [p].[DescriptionAr], [p].[DescriptionEn], [p].[Group], [p].[Name]
      FROM [Permissions] AS [p]
      WHERE [p].[Name] = @__permName_0
dbug: Microsoft.EntityFrameworkCore.Database.Connection[20002]
      Closing connection to database 'AlFalahDb' on server '(localdb)\mssqllocaldb'.
dbug: Microsoft.EntityFrameworkCore.Database.Connection[20003]
      Closed connection to database 'AlFalahDb' on server '(localdb)\mssqllocaldb' (0ms).
dbug: Microsoft.EntityFrameworkCore.Database.Connection[20000]
      Opening connection to database 'AlFalahDb' on server '(localdb)\mssqllocaldb'.
dbug: Microsoft.EntityFrameworkCore.Database.Connection[20001]
      Opened connection to database 'AlFalahDb' on server '(localdb)\mssqllocaldb'.
info: Microsoft.EntityFrameworkCore.Database.Command[20101]
      Executed DbCommand (0ms) [Parameters=[@__permName_0='?' (Size = 4000)], CommandType='Text', CommandTimeout='30']
      SELECT TOP(1) [p].[Id], [p].[CreatedAt], [p].[DescriptionAr], [p].[DescriptionEn], [p].[Group], [p].[Name]
      FROM [Permissions] AS [p]
      WHERE [p].[Name] = @__permName_0
dbug: Microsoft.EntityFrameworkCore.Database.Connection[20002]
      Closing connection to database 'AlFalahDb' on server '(localdb)\mssqllocaldb'.
dbug: Microsoft.EntityFrameworkCore.Database.Connection[20003]
      Closed connection to database 'AlFalahDb' on server '(localdb)\mssqllocaldb' (0ms).
dbug: Microsoft.EntityFrameworkCore.Database.Connection[20000]
      Opening connection to database 'AlFalahDb' on server '(localdb)\mssqllocaldb'.
dbug: Microsoft.EntityFrameworkCore.Database.Connection[20001]
      Opened connection to database 'AlFalahDb' on server '(localdb)\mssqllocaldb'.
info: Microsoft.EntityFrameworkCore.Database.Command[20101]
      Executed DbCommand (0ms) [Parameters=[@__role_Id_0='?' (Size = 450)], CommandType='Text', CommandTimeout='30']
      SELECT [r].[Id], [r].[CreatedAt], [r].[PermissionId], [r].[RoleId]
      FROM [RolePermissions] AS [r]
      WHERE [r].[RoleId] = @__role_Id_0
dbug: Microsoft.EntityFrameworkCore.ChangeTracking[10805]
      The navigation 'RolePermission.Role' was detected as changed. Consider using 'DbContextOptionsBuilder.EnableSensitiveDataLogging' to see key values.
dbug: Microsoft.EntityFrameworkCore.ChangeTracking[10806]
      Context 'AlFalahDbContext' started tracking 'RolePermission' entity. Consider using 'DbContextOptionsBuilder.EnableSensitiveDataLogging' to see key values.
dbug: Microsoft.EntityFrameworkCore.ChangeTracking[10805]
      The navigation 'RolePermission.Role' was detected as changed. Consider using 'DbContextOptionsBuilder.EnableSensitiveDataLogging' to see key values.
dbug: Microsoft.EntityFrameworkCore.ChangeTracking[10806]
      Context 'AlFalahDbContext' started tracking 'RolePermission' entity. Consider using 'DbContextOptionsBuilder.EnableSensitiveDataLogging' to see key values.
dbug: Microsoft.EntityFrameworkCore.ChangeTracking[10805]
      The navigation 'RolePermission.Role' was detected as changed. Consider using 'DbContextOptionsBuilder.EnableSensitiveDataLogging' to see key values.
dbug: Microsoft.EntityFrameworkCore.ChangeTracking[10806]
      Context 'AlFalahDbContext' started tracking 'RolePermission' entity. Consider using 'DbContextOptionsBuilder.EnableSensitiveDataLogging' to see key values.
dbug: Microsoft.EntityFrameworkCore.ChangeTracking[10805]
      The navigation 'RolePermission.Role' was detected as changed. Consider using 'DbContextOptionsBuilder.EnableSensitiveDataLogging' to see key values.
dbug: Microsoft.EntityFrameworkCore.ChangeTracking[10806]
      Context 'AlFalahDbContext' started tracking 'RolePermission' entity. Consider using 'DbContextOptionsBuilder.EnableSensitiveDataLogging' to see key values.
dbug: Microsoft.EntityFrameworkCore.ChangeTracking[10805]
      The navigation 'RolePermission.Role' was detected as changed. Consider using 'DbContextOptionsBuilder.EnableSensitiveDataLogging' to see key values.
dbug: Microsoft.EntityFrameworkCore.ChangeTracking[10806]
      Context 'AlFalahDbContext' started tracking 'RolePermission' entity. Consider using 'DbContextOptionsBuilder.EnableSensitiveDataLogging' to see key values.
dbug: Microsoft.EntityFrameworkCore.Database.Connection[20002]
      Closing connection to database 'AlFalahDb' on server '(localdb)\mssqllocaldb'.
dbug: Microsoft.EntityFrameworkCore.Database.Connection[20003]
      Closed connection to database 'AlFalahDb' on server '(localdb)\mssqllocaldb' (0ms).
info: AlFalah.Infrastructure.Data.Seeders.DatabaseSeeder[0]
      RolePermissions already in sync with canonical map.
dbug: Microsoft.EntityFrameworkCore.Query[10111]
      Compiling query expression: 
      'DbSet<School>()
          .IgnoreQueryFilters()
          .FirstOrDefault(s => s.Name == "مدرسة الفلاح النموذجية" && (int)s.Stage == 1 && s.City == "الرياض" && s.LocationDetails == "حي النخيل")'
dbug: Microsoft.EntityFrameworkCore.Query[10107]
      Generated query execution expression: 
      'queryContext => ShapedQueryCompilingExpressionVisitor.SingleOrDefaultAsync<School>(
          asyncEnumerable: new SingleQueryingEnumerable<School>(
              (RelationalQueryContext)queryContext, 
              RelationalCommandCache.QueryExpression(
                  Projection Mapping:
                      EmptyProjectionMember -> Dictionary<IProperty, int> { [Property: School.Id (int) Required PK AfterSave:Throw ValueGenerated.OnAdd, 0], [Property: School.City (string) Required Index MaxLength(100), 1], [Property: School.CreatedAt (DateTimeOffset) Required, 2], [Property: School.DeletedAt (DateTimeOffset?), 3], [Property: School.DeletedByUserId (string) FK Index, 4], [Property: School.IsActive (bool) Required Index, 5], [Property: School.IsDeleted (bool) Required Index, 6], [Property: School.LocationDetails (string) Index MaxLength(500), 7], [Property: School.LogoUrl (string) MaxLength(1000) ANSI, 8], [Property: School.ManagerUserId (string) FK Index, 9], [Property: School.Name (string) Required Index MaxLength(200), 10], [Property: School.SchoolLocationId (int?) FK Index, 11], [Property: School.Stage (SchoolStage) Required Index MaxLength(50) ANSI, 12], [Property: School.UpdatedAt (DateTimeOffset) Required, 13] }
                  SELECT TOP(1) s.Id, s.City, s.CreatedAt, s.DeletedAt, s.DeletedByUserId, s.IsActive, s.IsDeleted, s.LocationDetails, s.LogoUrl, s.ManagerUserId, s.Name, s.SchoolLocationId, s.Stage, s.UpdatedAt
                  FROM Schools AS s
                  WHERE (((s.Name == N'مدرسة الفلاح النموذجية') && (s.Stage == 'Primary')) && (s.City == N'الرياض')) && (s.LocationDetails == N'حي النخيل')), 
              null, 
              Func<QueryContext, DbDataReader, ResultContext, SingleQueryResultCoordinator, School>, 
              AlFalah.Infrastructure.Data.AlFalahDbContext, 
              False, 
              False, 
              True
          ), 
          cancellationToken: queryContext.CancellationToken)'
dbug: Microsoft.EntityFrameworkCore.Database.Connection[20000]
      Opening connection to database 'AlFalahDb' on server '(localdb)\mssqllocaldb'.
dbug: Microsoft.EntityFrameworkCore.Database.Connection[20001]
      Opened connection to database 'AlFalahDb' on server '(localdb)\mssqllocaldb'.
info: Microsoft.EntityFrameworkCore.Database.Command[20101]
      Executed DbCommand (6ms) [Parameters=[], CommandType='Text', CommandTimeout='30']
      SELECT TOP(1) [s].[Id], [s].[City], [s].[CreatedAt], [s].[DeletedAt], [s].[DeletedByUserId], [s].[IsActive], [s].[IsDeleted], [s].[LocationDetails], [s].[LogoUrl], [s].[ManagerUserId], [s].[Name], [s].[SchoolLocationId], [s].[Stage], [s].[UpdatedAt]
      FROM [Schools] AS [s]
      WHERE [s].[Name] = N'مدرسة الفلاح النموذجية' AND [s].[Stage] = 'Primary' AND [s].[City] = N'الرياض' AND [s].[LocationDetails] = N'حي النخيل'
dbug: Microsoft.EntityFrameworkCore.ChangeTracking[10806]
      Context 'AlFalahDbContext' started tracking 'School' entity. Consider using 'DbContextOptionsBuilder.EnableSensitiveDataLogging' to see key values.
dbug: Microsoft.EntityFrameworkCore.Database.Connection[20002]
      Closing connection to database 'AlFalahDb' on server '(localdb)\mssqllocaldb'.
dbug: Microsoft.EntityFrameworkCore.Database.Connection[20003]
      Closed connection to database 'AlFalahDb' on server '(localdb)\mssqllocaldb' (0ms).
dbug: Microsoft.EntityFrameworkCore.Query[10111]
      Compiling query expression: 
      'DbSet<ApplicationUser>()
          .IgnoreQueryFilters()
          .FirstOrDefault(u => u.NormalizedUserName == __normalizedUsername_0)'
dbug: Microsoft.EntityFrameworkCore.Query[10107]
      Generated query execution expression: 
      'queryContext => ShapedQueryCompilingExpressionVisitor.SingleOrDefaultAsync<ApplicationUser>(
          asyncEnumerable: new SingleQueryingEnumerable<ApplicationUser>(
              (RelationalQueryContext)queryContext, 
              RelationalCommandCache.QueryExpression(
                  Projection Mapping:
                      EmptyProjectionMember -> Dictionary<IProperty, int> { [Property: ApplicationUser.Id (string) Required PK AfterSave:Throw, 0], [Property: ApplicationUser.AccessFailedCount (int) Required, 1], [Property: ApplicationUser.ConcurrencyStamp (string) Concurrency, 2], [Property: ApplicationUser.CreatedAt (DateTimeOffset) Required, 3], [Property: ApplicationUser.DeletedAt (DateTimeOffset?), 4], [Property: ApplicationUser.DeletedByUserId (string) FK Index, 5], [Property: ApplicationUser.Email (string) MaxLength(256), 6], [Property: ApplicationUser.EmailConfirmed (bool) Required, 7], [Property: ApplicationUser.FirstName (string) Required MaxLength(100), 8], [Property: ApplicationUser.IsActive (bool) Required Index, 9], [Property: ApplicationUser.IsDeleted (bool) Required Index, 10], [Property: ApplicationUser.LastLoginAt (DateTimeOffset?), 11], [Property: ApplicationUser.LastName (string) Required MaxLength(100), 12], [Property: ApplicationUser.LockoutEnabled (bool) Required, 13], [Property: ApplicationUser.LockoutEnd (DateTimeOffset?), 14], [Property: ApplicationUser.NormalizedEmail (string) Index MaxLength(256), 15], [Property: ApplicationUser.NormalizedUserName (string) Index MaxLength(256), 16], [Property: ApplicationUser.PasswordHash (string), 17], [Property: ApplicationUser.PhoneNumber (string), 18], [Property: ApplicationUser.PhoneNumberConfirmed (bool) Required, 19], [Property: ApplicationUser.PreferredLanguage (string) Required MaxLength(10), 20], [Property: ApplicationUser.SecurityStamp (string), 21], [Property: ApplicationUser.TwoFactorEnabled (bool) Required, 22], [Property: ApplicationUser.UpdatedAt (DateTimeOffset) Required, 23], [Property: ApplicationUser.UserName (string) MaxLength(256), 24] }
                  SELECT TOP(1) u.Id, u.AccessFailedCount, u.ConcurrencyStamp, u.CreatedAt, u.DeletedAt, u.DeletedByUserId, u.Email, u.EmailConfirmed, u.FirstName, u.IsActive, u.IsDeleted, u.LastLoginAt, u.LastName, u.LockoutEnabled, u.LockoutEnd, u.NormalizedEmail, u.NormalizedUserName, u.PasswordHash, u.PhoneNumber, u.PhoneNumberConfirmed, u.PreferredLanguage, u.SecurityStamp, u.TwoFactorEnabled, u.UpdatedAt, u.UserName
                  FROM Users AS u
                  WHERE u.NormalizedUserName == @__normalizedUsername_0), 
              null, 
              Func<QueryContext, DbDataReader, ResultContext, SingleQueryResultCoordinator, ApplicationUser>, 
              AlFalah.Infrastructure.Data.AlFalahDbContext, 
              False, 
              False, 
              True
          ), 
          cancellationToken: queryContext.CancellationToken)'
dbug: Microsoft.EntityFrameworkCore.Database.Connection[20000]
      Opening connection to database 'AlFalahDb' on server '(localdb)\mssqllocaldb'.
dbug: Microsoft.EntityFrameworkCore.Database.Connection[20001]
      Opened connection to database 'AlFalahDb' on server '(localdb)\mssqllocaldb'.
info: Microsoft.EntityFrameworkCore.Database.Command[20101]
      Executed DbCommand (4ms) [Parameters=[@__normalizedUsername_0='?' (Size = 256)], CommandType='Text', CommandTimeout='30']
      SELECT TOP(1) [u].[Id], [u].[AccessFailedCount], [u].[ConcurrencyStamp], [u].[CreatedAt], [u].[DeletedAt], [u].[DeletedByUserId], [u].[Email], [u].[EmailConfirmed], [u].[FirstName], [u].[IsActive], [u].[IsDeleted], [u].[LastLoginAt], [u].[LastName], [u].[LockoutEnabled], [u].[LockoutEnd], [u].[NormalizedEmail], [u].[NormalizedUserName], [u].[PasswordHash], [u].[PhoneNumber], [u].[PhoneNumberConfirmed], [u].[PreferredLanguage], [u].[SecurityStamp], [u].[TwoFactorEnabled], [u].[UpdatedAt], [u].[UserName]
      FROM [Users] AS [u]
      WHERE [u].[NormalizedUserName] = @__normalizedUsername_0
dbug: Microsoft.EntityFrameworkCore.ChangeTracking[10806]
      Context 'AlFalahDbContext' started tracking 'ApplicationUser' entity. Consider using 'DbContextOptionsBuilder.EnableSensitiveDataLogging' to see key values.
dbug: Microsoft.EntityFrameworkCore.Database.Connection[20002]
      Closing connection to database 'AlFalahDb' on server '(localdb)\mssqllocaldb'.
dbug: Microsoft.EntityFrameworkCore.Database.Connection[20003]
      Closed connection to database 'AlFalahDb' on server '(localdb)\mssqllocaldb' (0ms).
dbug: Microsoft.EntityFrameworkCore.Query[10111]
      Compiling query expression: 
      'DbSet<ApplicationUser>()
          .FirstOrDefault(u => u.NormalizedUserName == __normalizedUserName_0)'
dbug: Microsoft.EntityFrameworkCore.Query[10107]
      Generated query execution expression: 
      'queryContext => ShapedQueryCompilingExpressionVisitor.SingleOrDefaultAsync<ApplicationUser>(
          asyncEnumerable: new SingleQueryingEnumerable<ApplicationUser>(
              (RelationalQueryContext)queryContext, 
              RelationalCommandCache.QueryExpression(
                  Projection Mapping:
                      EmptyProjectionMember -> Dictionary<IProperty, int> { [Property: ApplicationUser.Id (string) Required PK AfterSave:Throw, 0], [Property: ApplicationUser.AccessFailedCount (int) Required, 1], [Property: ApplicationUser.ConcurrencyStamp (string) Concurrency, 2], [Property: ApplicationUser.CreatedAt (DateTimeOffset) Required, 3], [Property: ApplicationUser.DeletedAt (DateTimeOffset?), 4], [Property: ApplicationUser.DeletedByUserId (string) FK Index, 5], [Property: ApplicationUser.Email (string) MaxLength(256), 6], [Property: ApplicationUser.EmailConfirmed (bool) Required, 7], [Property: ApplicationUser.FirstName (string) Required MaxLength(100), 8], [Property: ApplicationUser.IsActive (bool) Required Index, 9], [Property: ApplicationUser.IsDeleted (bool) Required Index, 10], [Property: ApplicationUser.LastLoginAt (DateTimeOffset?), 11], [Property: ApplicationUser.LastName (string) Required MaxLength(100), 12], [Property: ApplicationUser.LockoutEnabled (bool) Required, 13], [Property: ApplicationUser.LockoutEnd (DateTimeOffset?), 14], [Property: ApplicationUser.NormalizedEmail (string) Index MaxLength(256), 15], [Property: ApplicationUser.NormalizedUserName (string) Index MaxLength(256), 16], [Property: ApplicationUser.PasswordHash (string), 17], [Property: ApplicationUser.PhoneNumber (string), 18], [Property: ApplicationUser.PhoneNumberConfirmed (bool) Required, 19], [Property: ApplicationUser.PreferredLanguage (string) Required MaxLength(10), 20], [Property: ApplicationUser.SecurityStamp (string), 21], [Property: ApplicationUser.TwoFactorEnabled (bool) Required, 22], [Property: ApplicationUser.UpdatedAt (DateTimeOffset) Required, 23], [Property: ApplicationUser.UserName (string) MaxLength(256), 24] }
                  SELECT TOP(1) u.Id, u.AccessFailedCount, u.ConcurrencyStamp, u.CreatedAt, u.DeletedAt, u.DeletedByUserId, u.Email, u.EmailConfirmed, u.FirstName, u.IsActive, u.IsDeleted, u.LastLoginAt, u.LastName, u.LockoutEnabled, u.LockoutEnd, u.NormalizedEmail, u.NormalizedUserName, u.PasswordHash, u.PhoneNumber, u.PhoneNumberConfirmed, u.PreferredLanguage, u.SecurityStamp, u.TwoFactorEnabled, u.UpdatedAt, u.UserName
                  FROM Users AS u
                  WHERE Not(u.IsDeleted) && (u.NormalizedUserName == @__normalizedUserName_0)), 
              null, 
              Func<QueryContext, DbDataReader, ResultContext, SingleQueryResultCoordinator, ApplicationUser>, 
              AlFalah.Infrastructure.Data.AlFalahDbContext, 
              False, 
              False, 
              True
          ), 
          cancellationToken: queryContext.CancellationToken)'
dbug: Microsoft.EntityFrameworkCore.Database.Connection[20000]
      Opening connection to database 'AlFalahDb' on server '(localdb)\mssqllocaldb'.
dbug: Microsoft.EntityFrameworkCore.Database.Connection[20001]
      Opened connection to database 'AlFalahDb' on server '(localdb)\mssqllocaldb'.
info: Microsoft.EntityFrameworkCore.Database.Command[20101]
      Executed DbCommand (3ms) [Parameters=[@__normalizedUserName_0='?' (Size = 256)], CommandType='Text', CommandTimeout='30']
      SELECT TOP(1) [u].[Id], [u].[AccessFailedCount], [u].[ConcurrencyStamp], [u].[CreatedAt], [u].[DeletedAt], [u].[DeletedByUserId], [u].[Email], [u].[EmailConfirmed], [u].[FirstName], [u].[IsActive], [u].[IsDeleted], [u].[LastLoginAt], [u].[LastName], [u].[LockoutEnabled], [u].[LockoutEnd], [u].[NormalizedEmail], [u].[NormalizedUserName], [u].[PasswordHash], [u].[PhoneNumber], [u].[PhoneNumberConfirmed], [u].[PreferredLanguage], [u].[SecurityStamp], [u].[TwoFactorEnabled], [u].[UpdatedAt], [u].[UserName]
      FROM [Users] AS [u]
      WHERE [u].[IsDeleted] = CAST(0 AS bit) AND [u].[NormalizedUserName] = @__normalizedUserName_0
dbug: Microsoft.EntityFrameworkCore.Database.Connection[20002]
      Closing connection to database 'AlFalahDb' on server '(localdb)\mssqllocaldb'.
dbug: Microsoft.EntityFrameworkCore.Database.Connection[20003]
      Closed connection to database 'AlFalahDb' on server '(localdb)\mssqllocaldb' (0ms).
dbug: Microsoft.EntityFrameworkCore.ChangeTracking[10807]
      An entity of type 'ApplicationUser' tracked by 'AlFalahDbContext' changed state from 'Unchanged' to 'Modified'. Consider using 'DbContextOptionsBuilder.EnableSensitiveDataLogging' to see key values.
dbug: Microsoft.EntityFrameworkCore.ChangeTracking[10800]
      DetectChanges starting for 'AlFalahDbContext'.
dbug: Microsoft.EntityFrameworkCore.ChangeTracking[10801]
      DetectChanges completed for 'AlFalahDbContext'.
dbug: Microsoft.EntityFrameworkCore.Update[10004]
      SaveChanges starting for 'AlFalahDbContext'.
dbug: Microsoft.EntityFrameworkCore.ChangeTracking[10800]
      DetectChanges starting for 'AlFalahDbContext'.
dbug: Microsoft.EntityFrameworkCore.ChangeTracking[10801]
      DetectChanges completed for 'AlFalahDbContext'.
dbug: Microsoft.EntityFrameworkCore.Database.Connection[20000]
      Opening connection to database 'AlFalahDb' on server '(localdb)\mssqllocaldb'.
dbug: Microsoft.EntityFrameworkCore.Database.Connection[20001]
      Opened connection to database 'AlFalahDb' on server '(localdb)\mssqllocaldb'.
info: Microsoft.EntityFrameworkCore.Database.Command[20101]
      Executed DbCommand (15ms) [Parameters=[@p24='?' (Size = 450), @p0='?' (DbType = Int32), @p1='?' (Size = 4000), @p25='?' (Size = 4000), @p2='?' (DbType = DateTimeOffset), @p3='?' (DbType = DateTimeOffset), @p4='?' (Size = 450), @p5='?' (Size = 256), @p6='?' (DbType = Boolean), @p7='?' (Size = 100), @p8='?' (DbType = Boolean), @p9='?' (DbType = Boolean), @p10='?' (DbType = DateTimeOffset), @p11='?' (Size = 100), @p12='?' (DbType = Boolean), @p13='?' (DbType = DateTimeOffset), @p14='?' (Size = 256), @p15='?' (Size = 256), @p16='?' (Size = 4000), @p17='?' (Size = 4000), @p18='?' (DbType = Boolean), @p19='?' (Size = 10), @p20='?' (Size = 4000), @p21='?' (DbType = Boolean), @p22='?' (DbType = DateTimeOffset), @p23='?' (Size = 256)], CommandType='Text', CommandTimeout='30']
      SET IMPLICIT_TRANSACTIONS OFF;
      SET NOCOUNT ON;
      UPDATE [Users] SET [AccessFailedCount] = @p0, [ConcurrencyStamp] = @p1, [CreatedAt] = @p2, [DeletedAt] = @p3, [DeletedByUserId] = @p4, [Email] = @p5, [EmailConfirmed] = @p6, [FirstName] = @p7, [IsActive] = @p8, [IsDeleted] = @p9, [LastLoginAt] = @p10, [LastName] = @p11, [LockoutEnabled] = @p12, [LockoutEnd] = @p13, [NormalizedEmail] = @p14, [NormalizedUserName] = @p15, [PasswordHash] = @p16, [PhoneNumber] = @p17, [PhoneNumberConfirmed] = @p18, [PreferredLanguage] = @p19, [SecurityStamp] = @p20, [TwoFactorEnabled] = @p21, [UpdatedAt] = @p22, [UserName] = @p23
      OUTPUT 1
      WHERE [Id] = @p24 AND [ConcurrencyStamp] = @p25;
dbug: Microsoft.EntityFrameworkCore.Database.Connection[20002]
      Closing connection to database 'AlFalahDb' on server '(localdb)\mssqllocaldb'.
dbug: Microsoft.EntityFrameworkCore.Database.Connection[20003]
      Closed connection to database 'AlFalahDb' on server '(localdb)\mssqllocaldb' (0ms).
dbug: Microsoft.EntityFrameworkCore.ChangeTracking[10807]
      An entity of type 'ApplicationUser' tracked by 'AlFalahDbContext' changed state from 'Modified' to 'Unchanged'. Consider using 'DbContextOptionsBuilder.EnableSensitiveDataLogging' to see key values.
dbug: Microsoft.EntityFrameworkCore.Update[10005]
      SaveChanges completed for 'AlFalahDbContext' with 1 entities written to the database.
dbug: Microsoft.EntityFrameworkCore.Query[10111]
      Compiling query expression: 
      'DbSet<ApplicationRole>()
          .SingleOrDefault(r => r.NormalizedName == __normalizedRoleName_0)'
dbug: Microsoft.EntityFrameworkCore.Query[10107]
      Generated query execution expression: 
      'queryContext => ShapedQueryCompilingExpressionVisitor.SingleOrDefaultAsync<ApplicationRole>(
          asyncEnumerable: new SingleQueryingEnumerable<ApplicationRole>(
              (RelationalQueryContext)queryContext, 
              RelationalCommandCache.QueryExpression(
                  Projection Mapping:
                      EmptyProjectionMember -> Dictionary<IProperty, int> { [Property: ApplicationRole.Id (string) Required PK AfterSave:Throw, 0], [Property: ApplicationRole.ConcurrencyStamp (string) Concurrency, 1], [Property: ApplicationRole.CreatedAt (DateTimeOffset) Required, 2], [Property: ApplicationRole.DescriptionAr (string) MaxLength(500), 3], [Property: ApplicationRole.DescriptionEn (string), 4], [Property: ApplicationRole.IsActive (bool) Required, 5], [Property: ApplicationRole.Name (string) MaxLength(256), 6], [Property: ApplicationRole.NormalizedName (string) Index MaxLength(256), 7] }
                  SELECT TOP(2) r.Id, r.ConcurrencyStamp, r.CreatedAt, r.DescriptionAr, r.DescriptionEn, r.IsActive, r.Name, r.NormalizedName
                  FROM Roles AS r
                  WHERE r.NormalizedName == @__normalizedRoleName_0), 
              null, 
              Func<QueryContext, DbDataReader, ResultContext, SingleQueryResultCoordinator, ApplicationRole>, 
              AlFalah.Infrastructure.Data.AlFalahDbContext, 
              False, 
              False, 
              True
          ), 
          cancellationToken: queryContext.CancellationToken)'
dbug: Microsoft.EntityFrameworkCore.Database.Connection[20000]
      Opening connection to database 'AlFalahDb' on server '(localdb)\mssqllocaldb'.
dbug: Microsoft.EntityFrameworkCore.Database.Connection[20001]
      Opened connection to database 'AlFalahDb' on server '(localdb)\mssqllocaldb'.
info: Microsoft.EntityFrameworkCore.Database.Command[20101]
      Executed DbCommand (2ms) [Parameters=[@__normalizedRoleName_0='?' (Size = 256)], CommandType='Text', CommandTimeout='30']
      SELECT TOP(2) [r].[Id], [r].[ConcurrencyStamp], [r].[CreatedAt], [r].[DescriptionAr], [r].[DescriptionEn], [r].[IsActive], [r].[Name], [r].[NormalizedName]
      FROM [Roles] AS [r]
      WHERE [r].[NormalizedName] = @__normalizedRoleName_0
dbug: Microsoft.EntityFrameworkCore.Database.Connection[20002]
      Closing connection to database 'AlFalahDb' on server '(localdb)\mssqllocaldb'.
dbug: Microsoft.EntityFrameworkCore.Database.Connection[20003]
      Closed connection to database 'AlFalahDb' on server '(localdb)\mssqllocaldb' (0ms).
dbug: Microsoft.EntityFrameworkCore.Query[10111]
      Compiling query expression: 
      'DbSet<IdentityUserRole<string>>()
          .FirstOrDefault(e => EF.Property<string>(e, "UserId") == __p_0 && EF.Property<string>(e, "RoleId") == __p_1)'
dbug: Microsoft.EntityFrameworkCore.Query[10107]
      Generated query execution expression: 
      'queryContext => ShapedQueryCompilingExpressionVisitor.SingleOrDefaultAsync<IdentityUserRole<string>>(
          asyncEnumerable: new SingleQueryingEnumerable<IdentityUserRole<string>>(
              (RelationalQueryContext)queryContext, 
              RelationalCommandCache.QueryExpression(
                  Projection Mapping:
                      EmptyProjectionMember -> Dictionary<IProperty, int> { [Property: IdentityUserRole<string>.UserId (string) Required PK FK AfterSave:Throw, 0], [Property: IdentityUserRole<string>.RoleId (string) Required PK FK Index AfterSave:Throw, 1] }
                  SELECT TOP(1) u.UserId, u.RoleId
                  FROM UserRoles AS u
                  WHERE (u.UserId == @__p_0) && (u.RoleId == @__p_1)), 
              null, 
              Func<QueryContext, DbDataReader, ResultContext, SingleQueryResultCoordinator, IdentityUserRole<string>>, 
              AlFalah.Infrastructure.Data.AlFalahDbContext, 
              False, 
              False, 
              True
          ), 
          cancellationToken: queryContext.CancellationToken)'
dbug: Microsoft.EntityFrameworkCore.Database.Connection[20000]
      Opening connection to database 'AlFalahDb' on server '(localdb)\mssqllocaldb'.
dbug: Microsoft.EntityFrameworkCore.Database.Connection[20001]
      Opened connection to database 'AlFalahDb' on server '(localdb)\mssqllocaldb'.
info: Microsoft.EntityFrameworkCore.Database.Command[20101]
      Executed DbCommand (3ms) [Parameters=[@__p_0='?' (Size = 450), @__p_1='?' (Size = 450)], CommandType='Text', CommandTimeout='30']
      SELECT TOP(1) [u].[UserId], [u].[RoleId]
      FROM [UserRoles] AS [u]
      WHERE [u].[UserId] = @__p_0 AND [u].[RoleId] = @__p_1
dbug: Microsoft.EntityFrameworkCore.ChangeTracking[10806]
      Context 'AlFalahDbContext' started tracking 'IdentityUserRole' entity. Consider using 'DbContextOptionsBuilder.EnableSensitiveDataLogging' to see key values.
dbug: Microsoft.EntityFrameworkCore.Database.Connection[20002]
      Closing connection to database 'AlFalahDb' on server '(localdb)\mssqllocaldb'.
dbug: Microsoft.EntityFrameworkCore.Database.Connection[20003]
      Closed connection to database 'AlFalahDb' on server '(localdb)\mssqllocaldb' (0ms).
dbug: Microsoft.EntityFrameworkCore.Database.Connection[20000]
      Opening connection to database 'AlFalahDb' on server '(localdb)\mssqllocaldb'.
dbug: Microsoft.EntityFrameworkCore.Database.Connection[20001]
      Opened connection to database 'AlFalahDb' on server '(localdb)\mssqllocaldb'.
info: Microsoft.EntityFrameworkCore.Database.Command[20101]
      Executed DbCommand (1ms) [Parameters=[@__normalizedUsername_0='?' (Size = 256)], CommandType='Text', CommandTimeout='30']
      SELECT TOP(1) [u].[Id], [u].[AccessFailedCount], [u].[ConcurrencyStamp], [u].[CreatedAt], [u].[DeletedAt], [u].[DeletedByUserId], [u].[Email], [u].[EmailConfirmed], [u].[FirstName], [u].[IsActive], [u].[IsDeleted], [u].[LastLoginAt], [u].[LastName], [u].[LockoutEnabled], [u].[LockoutEnd], [u].[NormalizedEmail], [u].[NormalizedUserName], [u].[PasswordHash], [u].[PhoneNumber], [u].[PhoneNumberConfirmed], [u].[PreferredLanguage], [u].[SecurityStamp], [u].[TwoFactorEnabled], [u].[UpdatedAt], [u].[UserName]
      FROM [Users] AS [u]
      WHERE [u].[NormalizedUserName] = @__normalizedUsername_0
dbug: Microsoft.EntityFrameworkCore.ChangeTracking[10806]
      Context 'AlFalahDbContext' started tracking 'ApplicationUser' entity. Consider using 'DbContextOptionsBuilder.EnableSensitiveDataLogging' to see key values.
dbug: Microsoft.EntityFrameworkCore.Database.Connection[20002]
      Closing connection to database 'AlFalahDb' on server '(localdb)\mssqllocaldb'.
dbug: Microsoft.EntityFrameworkCore.Database.Connection[20003]
      Closed connection to database 'AlFalahDb' on server '(localdb)\mssqllocaldb' (0ms).
dbug: Microsoft.EntityFrameworkCore.Database.Connection[20000]
      Opening connection to database 'AlFalahDb' on server '(localdb)\mssqllocaldb'.
dbug: Microsoft.EntityFrameworkCore.Database.Connection[20001]
      Opened connection to database 'AlFalahDb' on server '(localdb)\mssqllocaldb'.
info: Microsoft.EntityFrameworkCore.Database.Command[20101]
      Executed DbCommand (0ms) [Parameters=[@__normalizedUserName_0='?' (Size = 256)], CommandType='Text', CommandTimeout='30']
      SELECT TOP(1) [u].[Id], [u].[AccessFailedCount], [u].[ConcurrencyStamp], [u].[CreatedAt], [u].[DeletedAt], [u].[DeletedByUserId], [u].[Email], [u].[EmailConfirmed], [u].[FirstName], [u].[IsActive], [u].[IsDeleted], [u].[LastLoginAt], [u].[LastName], [u].[LockoutEnabled], [u].[LockoutEnd], [u].[NormalizedEmail], [u].[NormalizedUserName], [u].[PasswordHash], [u].[PhoneNumber], [u].[PhoneNumberConfirmed], [u].[PreferredLanguage], [u].[SecurityStamp], [u].[TwoFactorEnabled], [u].[UpdatedAt], [u].[UserName]
      FROM [Users] AS [u]
      WHERE [u].[IsDeleted] = CAST(0 AS bit) AND [u].[NormalizedUserName] = @__normalizedUserName_0
dbug: Microsoft.EntityFrameworkCore.Database.Connection[20002]
      Closing connection to database 'AlFalahDb' on server '(localdb)\mssqllocaldb'.
dbug: Microsoft.EntityFrameworkCore.Database.Connection[20003]
      Closed connection to database 'AlFalahDb' on server '(localdb)\mssqllocaldb' (0ms).
dbug: Microsoft.EntityFrameworkCore.ChangeTracking[10807]
      An entity of type 'ApplicationUser' tracked by 'AlFalahDbContext' changed state from 'Unchanged' to 'Modified'. Consider using 'DbContextOptionsBuilder.EnableSensitiveDataLogging' to see key values.
dbug: Microsoft.EntityFrameworkCore.ChangeTracking[10800]
      DetectChanges starting for 'AlFalahDbContext'.
dbug: Microsoft.EntityFrameworkCore.ChangeTracking[10801]
      DetectChanges completed for 'AlFalahDbContext'.
dbug: Microsoft.EntityFrameworkCore.Update[10004]
      SaveChanges starting for 'AlFalahDbContext'.
dbug: Microsoft.EntityFrameworkCore.ChangeTracking[10800]
      DetectChanges starting for 'AlFalahDbContext'.
dbug: Microsoft.EntityFrameworkCore.ChangeTracking[10801]
      DetectChanges completed for 'AlFalahDbContext'.
dbug: Microsoft.EntityFrameworkCore.Database.Connection[20000]
      Opening connection to database 'AlFalahDb' on server '(localdb)\mssqllocaldb'.
dbug: Microsoft.EntityFrameworkCore.Database.Connection[20001]
      Opened connection to database 'AlFalahDb' on server '(localdb)\mssqllocaldb'.
info: Microsoft.EntityFrameworkCore.Database.Command[20101]
      Executed DbCommand (1ms) [Parameters=[@p24='?' (Size = 450), @p0='?' (DbType = Int32), @p1='?' (Size = 4000), @p25='?' (Size = 4000), @p2='?' (DbType = DateTimeOffset), @p3='?' (DbType = DateTimeOffset), @p4='?' (Size = 450), @p5='?' (Size = 256), @p6='?' (DbType = Boolean), @p7='?' (Size = 100), @p8='?' (DbType = Boolean), @p9='?' (DbType = Boolean), @p10='?' (DbType = DateTimeOffset), @p11='?' (Size = 100), @p12='?' (DbType = Boolean), @p13='?' (DbType = DateTimeOffset), @p14='?' (Size = 256), @p15='?' (Size = 256), @p16='?' (Size = 4000), @p17='?' (Size = 4000), @p18='?' (DbType = Boolean), @p19='?' (Size = 10), @p20='?' (Size = 4000), @p21='?' (DbType = Boolean), @p22='?' (DbType = DateTimeOffset), @p23='?' (Size = 256)], CommandType='Text', CommandTimeout='30']
      SET IMPLICIT_TRANSACTIONS OFF;
      SET NOCOUNT ON;
      UPDATE [Users] SET [AccessFailedCount] = @p0, [ConcurrencyStamp] = @p1, [CreatedAt] = @p2, [DeletedAt] = @p3, [DeletedByUserId] = @p4, [Email] = @p5, [EmailConfirmed] = @p6, [FirstName] = @p7, [IsActive] = @p8, [IsDeleted] = @p9, [LastLoginAt] = @p10, [LastName] = @p11, [LockoutEnabled] = @p12, [LockoutEnd] = @p13, [NormalizedEmail] = @p14, [NormalizedUserName] = @p15, [PasswordHash] = @p16, [PhoneNumber] = @p17, [PhoneNumberConfirmed] = @p18, [PreferredLanguage] = @p19, [SecurityStamp] = @p20, [TwoFactorEnabled] = @p21, [UpdatedAt] = @p22, [UserName] = @p23
      OUTPUT 1
      WHERE [Id] = @p24 AND [ConcurrencyStamp] = @p25;
dbug: Microsoft.EntityFrameworkCore.Database.Connection[20002]
      Closing connection to database 'AlFalahDb' on server '(localdb)\mssqllocaldb'.
dbug: Microsoft.EntityFrameworkCore.Database.Connection[20003]
      Closed connection to database 'AlFalahDb' on server '(localdb)\mssqllocaldb' (0ms).
dbug: Microsoft.EntityFrameworkCore.ChangeTracking[10807]
      An entity of type 'ApplicationUser' tracked by 'AlFalahDbContext' changed state from 'Modified' to 'Unchanged'. Consider using 'DbContextOptionsBuilder.EnableSensitiveDataLogging' to see key values.
dbug: Microsoft.EntityFrameworkCore.Update[10005]
      SaveChanges completed for 'AlFalahDbContext' with 1 entities written to the database.
dbug: Microsoft.EntityFrameworkCore.Database.Connection[20000]
      Opening connection to database 'AlFalahDb' on server '(localdb)\mssqllocaldb'.
dbug: Microsoft.EntityFrameworkCore.Database.Connection[20001]
      Opened connection to database 'AlFalahDb' on server '(localdb)\mssqllocaldb'.
info: Microsoft.EntityFrameworkCore.Database.Command[20101]
      Executed DbCommand (1ms) [Parameters=[@__normalizedRoleName_0='?' (Size = 256)], CommandType='Text', CommandTimeout='30']
      SELECT TOP(2) [r].[Id], [r].[ConcurrencyStamp], [r].[CreatedAt], [r].[DescriptionAr], [r].[DescriptionEn], [r].[IsActive], [r].[Name], [r].[NormalizedName]
      FROM [Roles] AS [r]
      WHERE [r].[NormalizedName] = @__normalizedRoleName_0
dbug: Microsoft.EntityFrameworkCore.Database.Connection[20002]
      Closing connection to database 'AlFalahDb' on server '(localdb)\mssqllocaldb'.
dbug: Microsoft.EntityFrameworkCore.Database.Connection[20003]
      Closed connection to database 'AlFalahDb' on server '(localdb)\mssqllocaldb' (0ms).
dbug: Microsoft.EntityFrameworkCore.Database.Connection[20000]
      Opening connection to database 'AlFalahDb' on server '(localdb)\mssqllocaldb'.
dbug: Microsoft.EntityFrameworkCore.Database.Connection[20001]
      Opened connection to database 'AlFalahDb' on server '(localdb)\mssqllocaldb'.
info: Microsoft.EntityFrameworkCore.Database.Command[20101]
      Executed DbCommand (0ms) [Parameters=[@__p_0='?' (Size = 450), @__p_1='?' (Size = 450)], CommandType='Text', CommandTimeout='30']
      SELECT TOP(1) [u].[UserId], [u].[RoleId]
      FROM [UserRoles] AS [u]
      WHERE [u].[UserId] = @__p_0 AND [u].[RoleId] = @__p_1
dbug: Microsoft.EntityFrameworkCore.ChangeTracking[10806]
      Context 'AlFalahDbContext' started tracking 'IdentityUserRole' entity. Consider using 'DbContextOptionsBuilder.EnableSensitiveDataLogging' to see key values.
dbug: Microsoft.EntityFrameworkCore.Database.Connection[20002]
      Closing connection to database 'AlFalahDb' on server '(localdb)\mssqllocaldb'.
dbug: Microsoft.EntityFrameworkCore.Database.Connection[20003]
      Closed connection to database 'AlFalahDb' on server '(localdb)\mssqllocaldb' (0ms).
dbug: Microsoft.EntityFrameworkCore.Database.Connection[20000]
      Opening connection to database 'AlFalahDb' on server '(localdb)\mssqllocaldb'.
dbug: Microsoft.EntityFrameworkCore.Database.Connection[20001]
      Opened connection to database 'AlFalahDb' on server '(localdb)\mssqllocaldb'.
info: Microsoft.EntityFrameworkCore.Database.Command[20101]
      Executed DbCommand (0ms) [Parameters=[@__normalizedUsername_0='?' (Size = 256)], CommandType='Text', CommandTimeout='30']
      SELECT TOP(1) [u].[Id], [u].[AccessFailedCount], [u].[ConcurrencyStamp], [u].[CreatedAt], [u].[DeletedAt], [u].[DeletedByUserId], [u].[Email], [u].[EmailConfirmed], [u].[FirstName], [u].[IsActive], [u].[IsDeleted], [u].[LastLoginAt], [u].[LastName], [u].[LockoutEnabled], [u].[LockoutEnd], [u].[NormalizedEmail], [u].[NormalizedUserName], [u].[PasswordHash], [u].[PhoneNumber], [u].[PhoneNumberConfirmed], [u].[PreferredLanguage], [u].[SecurityStamp], [u].[TwoFactorEnabled], [u].[UpdatedAt], [u].[UserName]
      FROM [Users] AS [u]
      WHERE [u].[NormalizedUserName] = @__normalizedUsername_0
dbug: Microsoft.EntityFrameworkCore.ChangeTracking[10805]
      The navigation 'School.Manager' was detected as changed. Consider using 'DbContextOptionsBuilder.EnableSensitiveDataLogging' to see key values.
dbug: Microsoft.EntityFrameworkCore.ChangeTracking[10806]
      Context 'AlFalahDbContext' started tracking 'ApplicationUser' entity. Consider using 'DbContextOptionsBuilder.EnableSensitiveDataLogging' to see key values.
dbug: Microsoft.EntityFrameworkCore.Database.Connection[20002]
      Closing connection to database 'AlFalahDb' on server '(localdb)\mssqllocaldb'.
dbug: Microsoft.EntityFrameworkCore.Database.Connection[20003]
      Closed connection to database 'AlFalahDb' on server '(localdb)\mssqllocaldb' (0ms).
dbug: Microsoft.EntityFrameworkCore.Database.Connection[20000]
      Opening connection to database 'AlFalahDb' on server '(localdb)\mssqllocaldb'.
dbug: Microsoft.EntityFrameworkCore.Database.Connection[20001]
      Opened connection to database 'AlFalahDb' on server '(localdb)\mssqllocaldb'.
info: Microsoft.EntityFrameworkCore.Database.Command[20101]
      Executed DbCommand (1ms) [Parameters=[@__normalizedUserName_0='?' (Size = 256)], CommandType='Text', CommandTimeout='30']
      SELECT TOP(1) [u].[Id], [u].[AccessFailedCount], [u].[ConcurrencyStamp], [u].[CreatedAt], [u].[DeletedAt], [u].[DeletedByUserId], [u].[Email], [u].[EmailConfirmed], [u].[FirstName], [u].[IsActive], [u].[IsDeleted], [u].[LastLoginAt], [u].[LastName], [u].[LockoutEnabled], [u].[LockoutEnd], [u].[NormalizedEmail], [u].[NormalizedUserName], [u].[PasswordHash], [u].[PhoneNumber], [u].[PhoneNumberConfirmed], [u].[PreferredLanguage], [u].[SecurityStamp], [u].[TwoFactorEnabled], [u].[UpdatedAt], [u].[UserName]
      FROM [Users] AS [u]
      WHERE [u].[IsDeleted] = CAST(0 AS bit) AND [u].[NormalizedUserName] = @__normalizedUserName_0
dbug: Microsoft.EntityFrameworkCore.Database.Connection[20002]
      Closing connection to database 'AlFalahDb' on server '(localdb)\mssqllocaldb'.
dbug: Microsoft.EntityFrameworkCore.Database.Connection[20003]
      Closed connection to database 'AlFalahDb' on server '(localdb)\mssqllocaldb' (0ms).
dbug: Microsoft.EntityFrameworkCore.ChangeTracking[10807]
      An entity of type 'ApplicationUser' tracked by 'AlFalahDbContext' changed state from 'Unchanged' to 'Modified'. Consider using 'DbContextOptionsBuilder.EnableSensitiveDataLogging' to see key values.
dbug: Microsoft.EntityFrameworkCore.ChangeTracking[10800]
      DetectChanges starting for 'AlFalahDbContext'.
dbug: Microsoft.EntityFrameworkCore.ChangeTracking[10801]
      DetectChanges completed for 'AlFalahDbContext'.
dbug: Microsoft.EntityFrameworkCore.Update[10004]
      SaveChanges starting for 'AlFalahDbContext'.
dbug: Microsoft.EntityFrameworkCore.ChangeTracking[10800]
      DetectChanges starting for 'AlFalahDbContext'.
dbug: Microsoft.EntityFrameworkCore.ChangeTracking[10801]
      DetectChanges completed for 'AlFalahDbContext'.
dbug: Microsoft.EntityFrameworkCore.Database.Connection[20000]
      Opening connection to database 'AlFalahDb' on server '(localdb)\mssqllocaldb'.
dbug: Microsoft.EntityFrameworkCore.Database.Connection[20001]
      Opened connection to database 'AlFalahDb' on server '(localdb)\mssqllocaldb'.
info: Microsoft.EntityFrameworkCore.Database.Command[20101]
      Executed DbCommand (1ms) [Parameters=[@p24='?' (Size = 450), @p0='?' (DbType = Int32), @p1='?' (Size = 4000), @p25='?' (Size = 4000), @p2='?' (DbType = DateTimeOffset), @p3='?' (DbType = DateTimeOffset), @p4='?' (Size = 450), @p5='?' (Size = 256), @p6='?' (DbType = Boolean), @p7='?' (Size = 100), @p8='?' (DbType = Boolean), @p9='?' (DbType = Boolean), @p10='?' (DbType = DateTimeOffset), @p11='?' (Size = 100), @p12='?' (DbType = Boolean), @p13='?' (DbType = DateTimeOffset), @p14='?' (Size = 256), @p15='?' (Size = 256), @p16='?' (Size = 4000), @p17='?' (Size = 4000), @p18='?' (DbType = Boolean), @p19='?' (Size = 10), @p20='?' (Size = 4000), @p21='?' (DbType = Boolean), @p22='?' (DbType = DateTimeOffset), @p23='?' (Size = 256)], CommandType='Text', CommandTimeout='30']
      SET IMPLICIT_TRANSACTIONS OFF;
      SET NOCOUNT ON;
      UPDATE [Users] SET [AccessFailedCount] = @p0, [ConcurrencyStamp] = @p1, [CreatedAt] = @p2, [DeletedAt] = @p3, [DeletedByUserId] = @p4, [Email] = @p5, [EmailConfirmed] = @p6, [FirstName] = @p7, [IsActive] = @p8, [IsDeleted] = @p9, [LastLoginAt] = @p10, [LastName] = @p11, [LockoutEnabled] = @p12, [LockoutEnd] = @p13, [NormalizedEmail] = @p14, [NormalizedUserName] = @p15, [PasswordHash] = @p16, [PhoneNumber] = @p17, [PhoneNumberConfirmed] = @p18, [PreferredLanguage] = @p19, [SecurityStamp] = @p20, [TwoFactorEnabled] = @p21, [UpdatedAt] = @p22, [UserName] = @p23
      OUTPUT 1
      WHERE [Id] = @p24 AND [ConcurrencyStamp] = @p25;
dbug: Microsoft.EntityFrameworkCore.Database.Connection[20002]
      Closing connection to database 'AlFalahDb' on server '(localdb)\mssqllocaldb'.
dbug: Microsoft.EntityFrameworkCore.Database.Connection[20003]
      Closed connection to database 'AlFalahDb' on server '(localdb)\mssqllocaldb' (0ms).
dbug: Microsoft.EntityFrameworkCore.ChangeTracking[10807]
      An entity of type 'ApplicationUser' tracked by 'AlFalahDbContext' changed state from 'Modified' to 'Unchanged'. Consider using 'DbContextOptionsBuilder.EnableSensitiveDataLogging' to see key values.
dbug: Microsoft.EntityFrameworkCore.Update[10005]
      SaveChanges completed for 'AlFalahDbContext' with 1 entities written to the database.
dbug: Microsoft.EntityFrameworkCore.Database.Connection[20000]
      Opening connection to database 'AlFalahDb' on server '(localdb)\mssqllocaldb'.
dbug: Microsoft.EntityFrameworkCore.Database.Connection[20001]
      Opened connection to database 'AlFalahDb' on server '(localdb)\mssqllocaldb'.
info: Microsoft.EntityFrameworkCore.Database.Command[20101]
      Executed DbCommand (1ms) [Parameters=[@__normalizedRoleName_0='?' (Size = 256)], CommandType='Text', CommandTimeout='30']
      SELECT TOP(2) [r].[Id], [r].[ConcurrencyStamp], [r].[CreatedAt], [r].[DescriptionAr], [r].[DescriptionEn], [r].[IsActive], [r].[Name], [r].[NormalizedName]
      FROM [Roles] AS [r]
      WHERE [r].[NormalizedName] = @__normalizedRoleName_0
dbug: Microsoft.EntityFrameworkCore.Database.Connection[20002]
      Closing connection to database 'AlFalahDb' on server '(localdb)\mssqllocaldb'.
dbug: Microsoft.EntityFrameworkCore.Database.Connection[20003]
      Closed connection to database 'AlFalahDb' on server '(localdb)\mssqllocaldb' (0ms).
dbug: Microsoft.EntityFrameworkCore.Database.Connection[20000]
      Opening connection to database 'AlFalahDb' on server '(localdb)\mssqllocaldb'.
dbug: Microsoft.EntityFrameworkCore.Database.Connection[20001]
      Opened connection to database 'AlFalahDb' on server '(localdb)\mssqllocaldb'.
info: Microsoft.EntityFrameworkCore.Database.Command[20101]
      Executed DbCommand (0ms) [Parameters=[@__p_0='?' (Size = 450), @__p_1='?' (Size = 450)], CommandType='Text', CommandTimeout='30']
      SELECT TOP(1) [u].[UserId], [u].[RoleId]
      FROM [UserRoles] AS [u]
      WHERE [u].[UserId] = @__p_0 AND [u].[RoleId] = @__p_1
dbug: Microsoft.EntityFrameworkCore.ChangeTracking[10806]
      Context 'AlFalahDbContext' started tracking 'IdentityUserRole' entity. Consider using 'DbContextOptionsBuilder.EnableSensitiveDataLogging' to see key values.
dbug: Microsoft.EntityFrameworkCore.Database.Connection[20002]
      Closing connection to database 'AlFalahDb' on server '(localdb)\mssqllocaldb'.
dbug: Microsoft.EntityFrameworkCore.Database.Connection[20003]
      Closed connection to database 'AlFalahDb' on server '(localdb)\mssqllocaldb' (0ms).
dbug: Microsoft.EntityFrameworkCore.Database.Connection[20000]
      Opening connection to database 'AlFalahDb' on server '(localdb)\mssqllocaldb'.
dbug: Microsoft.EntityFrameworkCore.Database.Connection[20001]
      Opened connection to database 'AlFalahDb' on server '(localdb)\mssqllocaldb'.
info: Microsoft.EntityFrameworkCore.Database.Command[20101]
      Executed DbCommand (0ms) [Parameters=[@__normalizedUsername_0='?' (Size = 256)], CommandType='Text', CommandTimeout='30']
      SELECT TOP(1) [u].[Id], [u].[AccessFailedCount], [u].[ConcurrencyStamp], [u].[CreatedAt], [u].[DeletedAt], [u].[DeletedByUserId], [u].[Email], [u].[EmailConfirmed], [u].[FirstName], [u].[IsActive], [u].[IsDeleted], [u].[LastLoginAt], [u].[LastName], [u].[LockoutEnabled], [u].[LockoutEnd], [u].[NormalizedEmail], [u].[NormalizedUserName], [u].[PasswordHash], [u].[PhoneNumber], [u].[PhoneNumberConfirmed], [u].[PreferredLanguage], [u].[SecurityStamp], [u].[TwoFactorEnabled], [u].[UpdatedAt], [u].[UserName]
      FROM [Users] AS [u]
      WHERE [u].[NormalizedUserName] = @__normalizedUsername_0
dbug: Microsoft.EntityFrameworkCore.ChangeTracking[10806]
      Context 'AlFalahDbContext' started tracking 'ApplicationUser' entity. Consider using 'DbContextOptionsBuilder.EnableSensitiveDataLogging' to see key values.
dbug: Microsoft.EntityFrameworkCore.Database.Connection[20002]
      Closing connection to database 'AlFalahDb' on server '(localdb)\mssqllocaldb'.
dbug: Microsoft.EntityFrameworkCore.Database.Connection[20003]
      Closed connection to database 'AlFalahDb' on server '(localdb)\mssqllocaldb' (0ms).
dbug: Microsoft.EntityFrameworkCore.Database.Connection[20000]
      Opening connection to database 'AlFalahDb' on server '(localdb)\mssqllocaldb'.
dbug: Microsoft.EntityFrameworkCore.Database.Connection[20001]
      Opened connection to database 'AlFalahDb' on server '(localdb)\mssqllocaldb'.
info: Microsoft.EntityFrameworkCore.Database.Command[20101]
      Executed DbCommand (0ms) [Parameters=[@__normalizedUserName_0='?' (Size = 256)], CommandType='Text', CommandTimeout='30']
      SELECT TOP(1) [u].[Id], [u].[AccessFailedCount], [u].[ConcurrencyStamp], [u].[CreatedAt], [u].[DeletedAt], [u].[DeletedByUserId], [u].[Email], [u].[EmailConfirmed], [u].[FirstName], [u].[IsActive], [u].[IsDeleted], [u].[LastLoginAt], [u].[LastName], [u].[LockoutEnabled], [u].[LockoutEnd], [u].[NormalizedEmail], [u].[NormalizedUserName], [u].[PasswordHash], [u].[PhoneNumber], [u].[PhoneNumberConfirmed], [u].[PreferredLanguage], [u].[SecurityStamp], [u].[TwoFactorEnabled], [u].[UpdatedAt], [u].[UserName]
      FROM [Users] AS [u]
      WHERE [u].[IsDeleted] = CAST(0 AS bit) AND [u].[NormalizedUserName] = @__normalizedUserName_0
dbug: Microsoft.EntityFrameworkCore.Database.Connection[20002]
      Closing connection to database 'AlFalahDb' on server '(localdb)\mssqllocaldb'.
dbug: Microsoft.EntityFrameworkCore.Database.Connection[20003]
      Closed connection to database 'AlFalahDb' on server '(localdb)\mssqllocaldb' (0ms).
dbug: Microsoft.EntityFrameworkCore.ChangeTracking[10807]
      An entity of type 'ApplicationUser' tracked by 'AlFalahDbContext' changed state from 'Unchanged' to 'Modified'. Consider using 'DbContextOptionsBuilder.EnableSensitiveDataLogging' to see key values.
dbug: Microsoft.EntityFrameworkCore.ChangeTracking[10800]
      DetectChanges starting for 'AlFalahDbContext'.
dbug: Microsoft.EntityFrameworkCore.ChangeTracking[10801]
      DetectChanges completed for 'AlFalahDbContext'.
dbug: Microsoft.EntityFrameworkCore.Update[10004]
      SaveChanges starting for 'AlFalahDbContext'.
dbug: Microsoft.EntityFrameworkCore.ChangeTracking[10800]
      DetectChanges starting for 'AlFalahDbContext'.
dbug: Microsoft.EntityFrameworkCore.ChangeTracking[10801]
      DetectChanges completed for 'AlFalahDbContext'.
dbug: Microsoft.EntityFrameworkCore.Database.Connection[20000]
      Opening connection to database 'AlFalahDb' on server '(localdb)\mssqllocaldb'.
dbug: Microsoft.EntityFrameworkCore.Database.Connection[20001]
      Opened connection to database 'AlFalahDb' on server '(localdb)\mssqllocaldb'.
info: Microsoft.EntityFrameworkCore.Database.Command[20101]
      Executed DbCommand (1ms) [Parameters=[@p24='?' (Size = 450), @p0='?' (DbType = Int32), @p1='?' (Size = 4000), @p25='?' (Size = 4000), @p2='?' (DbType = DateTimeOffset), @p3='?' (DbType = DateTimeOffset), @p4='?' (Size = 450), @p5='?' (Size = 256), @p6='?' (DbType = Boolean), @p7='?' (Size = 100), @p8='?' (DbType = Boolean), @p9='?' (DbType = Boolean), @p10='?' (DbType = DateTimeOffset), @p11='?' (Size = 100), @p12='?' (DbType = Boolean), @p13='?' (DbType = DateTimeOffset), @p14='?' (Size = 256), @p15='?' (Size = 256), @p16='?' (Size = 4000), @p17='?' (Size = 4000), @p18='?' (DbType = Boolean), @p19='?' (Size = 10), @p20='?' (Size = 4000), @p21='?' (DbType = Boolean), @p22='?' (DbType = DateTimeOffset), @p23='?' (Size = 256)], CommandType='Text', CommandTimeout='30']
      SET IMPLICIT_TRANSACTIONS OFF;
      SET NOCOUNT ON;
      UPDATE [Users] SET [AccessFailedCount] = @p0, [ConcurrencyStamp] = @p1, [CreatedAt] = @p2, [DeletedAt] = @p3, [DeletedByUserId] = @p4, [Email] = @p5, [EmailConfirmed] = @p6, [FirstName] = @p7, [IsActive] = @p8, [IsDeleted] = @p9, [LastLoginAt] = @p10, [LastName] = @p11, [LockoutEnabled] = @p12, [LockoutEnd] = @p13, [NormalizedEmail] = @p14, [NormalizedUserName] = @p15, [PasswordHash] = @p16, [PhoneNumber] = @p17, [PhoneNumberConfirmed] = @p18, [PreferredLanguage] = @p19, [SecurityStamp] = @p20, [TwoFactorEnabled] = @p21, [UpdatedAt] = @p22, [UserName] = @p23
      OUTPUT 1
      WHERE [Id] = @p24 AND [ConcurrencyStamp] = @p25;
dbug: Microsoft.EntityFrameworkCore.Database.Connection[20002]
      Closing connection to database 'AlFalahDb' on server '(localdb)\mssqllocaldb'.
dbug: Microsoft.EntityFrameworkCore.Database.Connection[20003]
      Closed connection to database 'AlFalahDb' on server '(localdb)\mssqllocaldb' (0ms).
dbug: Microsoft.EntityFrameworkCore.ChangeTracking[10807]
      An entity of type 'ApplicationUser' tracked by 'AlFalahDbContext' changed state from 'Modified' to 'Unchanged'. Consider using 'DbContextOptionsBuilder.EnableSensitiveDataLogging' to see key values.
dbug: Microsoft.EntityFrameworkCore.Update[10005]
      SaveChanges completed for 'AlFalahDbContext' with 1 entities written to the database.
dbug: Microsoft.EntityFrameworkCore.Database.Connection[20000]
      Opening connection to database 'AlFalahDb' on server '(localdb)\mssqllocaldb'.
dbug: Microsoft.EntityFrameworkCore.Database.Connection[20001]
      Opened connection to database 'AlFalahDb' on server '(localdb)\mssqllocaldb'.
info: Microsoft.EntityFrameworkCore.Database.Command[20101]
      Executed DbCommand (1ms) [Parameters=[@__normalizedRoleName_0='?' (Size = 256)], CommandType='Text', CommandTimeout='30']
      SELECT TOP(2) [r].[Id], [r].[ConcurrencyStamp], [r].[CreatedAt], [r].[DescriptionAr], [r].[DescriptionEn], [r].[IsActive], [r].[Name], [r].[NormalizedName]
      FROM [Roles] AS [r]
      WHERE [r].[NormalizedName] = @__normalizedRoleName_0
dbug: Microsoft.EntityFrameworkCore.Database.Connection[20002]
      Closing connection to database 'AlFalahDb' on server '(localdb)\mssqllocaldb'.
dbug: Microsoft.EntityFrameworkCore.Database.Connection[20003]
      Closed connection to database 'AlFalahDb' on server '(localdb)\mssqllocaldb' (0ms).
dbug: Microsoft.EntityFrameworkCore.Database.Connection[20000]
      Opening connection to database 'AlFalahDb' on server '(localdb)\mssqllocaldb'.
dbug: Microsoft.EntityFrameworkCore.Database.Connection[20001]
      Opened connection to database 'AlFalahDb' on server '(localdb)\mssqllocaldb'.
info: Microsoft.EntityFrameworkCore.Database.Command[20101]
      Executed DbCommand (2ms) [Parameters=[@__p_0='?' (Size = 450), @__p_1='?' (Size = 450)], CommandType='Text', CommandTimeout='30']
      SELECT TOP(1) [u].[UserId], [u].[RoleId]
      FROM [UserRoles] AS [u]
      WHERE [u].[UserId] = @__p_0 AND [u].[RoleId] = @__p_1
dbug: Microsoft.EntityFrameworkCore.ChangeTracking[10806]
      Context 'AlFalahDbContext' started tracking 'IdentityUserRole' entity. Consider using 'DbContextOptionsBuilder.EnableSensitiveDataLogging' to see key values.
dbug: Microsoft.EntityFrameworkCore.Database.Connection[20002]
      Closing connection to database 'AlFalahDb' on server '(localdb)\mssqllocaldb'.
dbug: Microsoft.EntityFrameworkCore.Database.Connection[20003]
      Closed connection to database 'AlFalahDb' on server '(localdb)\mssqllocaldb' (0ms).
dbug: Microsoft.EntityFrameworkCore.Database.Connection[20000]
      Opening connection to database 'AlFalahDb' on server '(localdb)\mssqllocaldb'.
dbug: Microsoft.EntityFrameworkCore.Database.Connection[20001]
      Opened connection to database 'AlFalahDb' on server '(localdb)\mssqllocaldb'.
info: Microsoft.EntityFrameworkCore.Database.Command[20101]
      Executed DbCommand (1ms) [Parameters=[@__normalizedUsername_0='?' (Size = 256)], CommandType='Text', CommandTimeout='30']
      SELECT TOP(1) [u].[Id], [u].[AccessFailedCount], [u].[ConcurrencyStamp], [u].[CreatedAt], [u].[DeletedAt], [u].[DeletedByUserId], [u].[Email], [u].[EmailConfirmed], [u].[FirstName], [u].[IsActive], [u].[IsDeleted], [u].[LastLoginAt], [u].[LastName], [u].[LockoutEnabled], [u].[LockoutEnd], [u].[NormalizedEmail], [u].[NormalizedUserName], [u].[PasswordHash], [u].[PhoneNumber], [u].[PhoneNumberConfirmed], [u].[PreferredLanguage], [u].[SecurityStamp], [u].[TwoFactorEnabled], [u].[UpdatedAt], [u].[UserName]
      FROM [Users] AS [u]
      WHERE [u].[NormalizedUserName] = @__normalizedUsername_0
dbug: Microsoft.EntityFrameworkCore.ChangeTracking[10806]
      Context 'AlFalahDbContext' started tracking 'ApplicationUser' entity. Consider using 'DbContextOptionsBuilder.EnableSensitiveDataLogging' to see key values.
dbug: Microsoft.EntityFrameworkCore.Database.Connection[20002]
      Closing connection to database 'AlFalahDb' on server '(localdb)\mssqllocaldb'.
dbug: Microsoft.EntityFrameworkCore.Database.Connection[20003]
      Closed connection to database 'AlFalahDb' on server '(localdb)\mssqllocaldb' (0ms).
dbug: Microsoft.EntityFrameworkCore.Database.Connection[20000]
      Opening connection to database 'AlFalahDb' on server '(localdb)\mssqllocaldb'.
dbug: Microsoft.EntityFrameworkCore.Database.Connection[20001]
      Opened connection to database 'AlFalahDb' on server '(localdb)\mssqllocaldb'.
info: Microsoft.EntityFrameworkCore.Database.Command[20101]
      Executed DbCommand (2ms) [Parameters=[@__normalizedUserName_0='?' (Size = 256)], CommandType='Text', CommandTimeout='30']
      SELECT TOP(1) [u].[Id], [u].[AccessFailedCount], [u].[ConcurrencyStamp], [u].[CreatedAt], [u].[DeletedAt], [u].[DeletedByUserId], [u].[Email], [u].[EmailConfirmed], [u].[FirstName], [u].[IsActive], [u].[IsDeleted], [u].[LastLoginAt], [u].[LastName], [u].[LockoutEnabled], [u].[LockoutEnd], [u].[NormalizedEmail], [u].[NormalizedUserName], [u].[PasswordHash], [u].[PhoneNumber], [u].[PhoneNumberConfirmed], [u].[PreferredLanguage], [u].[SecurityStamp], [u].[TwoFactorEnabled], [u].[UpdatedAt], [u].[UserName]
      FROM [Users] AS [u]
      WHERE [u].[IsDeleted] = CAST(0 AS bit) AND [u].[NormalizedUserName] = @__normalizedUserName_0
dbug: Microsoft.EntityFrameworkCore.Database.Connection[20002]
      Closing connection to database 'AlFalahDb' on server '(localdb)\mssqllocaldb'.
dbug: Microsoft.EntityFrameworkCore.Database.Connection[20003]
      Closed connection to database 'AlFalahDb' on server '(localdb)\mssqllocaldb' (0ms).
dbug: Microsoft.EntityFrameworkCore.ChangeTracking[10807]
      An entity of type 'ApplicationUser' tracked by 'AlFalahDbContext' changed state from 'Unchanged' to 'Modified'. Consider using 'DbContextOptionsBuilder.EnableSensitiveDataLogging' to see key values.
dbug: Microsoft.EntityFrameworkCore.ChangeTracking[10800]
      DetectChanges starting for 'AlFalahDbContext'.
dbug: Microsoft.EntityFrameworkCore.ChangeTracking[10801]
      DetectChanges completed for 'AlFalahDbContext'.
dbug: Microsoft.EntityFrameworkCore.Update[10004]
      SaveChanges starting for 'AlFalahDbContext'.
dbug: Microsoft.EntityFrameworkCore.ChangeTracking[10800]
      DetectChanges starting for 'AlFalahDbContext'.
dbug: Microsoft.EntityFrameworkCore.ChangeTracking[10801]
      DetectChanges completed for 'AlFalahDbContext'.
dbug: Microsoft.EntityFrameworkCore.Database.Connection[20000]
      Opening connection to database 'AlFalahDb' on server '(localdb)\mssqllocaldb'.
dbug: Microsoft.EntityFrameworkCore.Database.Connection[20001]
      Opened connection to database 'AlFalahDb' on server '(localdb)\mssqllocaldb'.
info: Microsoft.EntityFrameworkCore.Database.Command[20101]
      Executed DbCommand (2ms) [Parameters=[@p24='?' (Size = 450), @p0='?' (DbType = Int32), @p1='?' (Size = 4000), @p25='?' (Size = 4000), @p2='?' (DbType = DateTimeOffset), @p3='?' (DbType = DateTimeOffset), @p4='?' (Size = 450), @p5='?' (Size = 256), @p6='?' (DbType = Boolean), @p7='?' (Size = 100), @p8='?' (DbType = Boolean), @p9='?' (DbType = Boolean), @p10='?' (DbType = DateTimeOffset), @p11='?' (Size = 100), @p12='?' (DbType = Boolean), @p13='?' (DbType = DateTimeOffset), @p14='?' (Size = 256), @p15='?' (Size = 256), @p16='?' (Size = 4000), @p17='?' (Size = 4000), @p18='?' (DbType = Boolean), @p19='?' (Size = 10), @p20='?' (Size = 4000), @p21='?' (DbType = Boolean), @p22='?' (DbType = DateTimeOffset), @p23='?' (Size = 256)], CommandType='Text', CommandTimeout='30']
      SET IMPLICIT_TRANSACTIONS OFF;
      SET NOCOUNT ON;
      UPDATE [Users] SET [AccessFailedCount] = @p0, [ConcurrencyStamp] = @p1, [CreatedAt] = @p2, [DeletedAt] = @p3, [DeletedByUserId] = @p4, [Email] = @p5, [EmailConfirmed] = @p6, [FirstName] = @p7, [IsActive] = @p8, [IsDeleted] = @p9, [LastLoginAt] = @p10, [LastName] = @p11, [LockoutEnabled] = @p12, [LockoutEnd] = @p13, [NormalizedEmail] = @p14, [NormalizedUserName] = @p15, [PasswordHash] = @p16, [PhoneNumber] = @p17, [PhoneNumberConfirmed] = @p18, [PreferredLanguage] = @p19, [SecurityStamp] = @p20, [TwoFactorEnabled] = @p21, [UpdatedAt] = @p22, [UserName] = @p23
      OUTPUT 1
      WHERE [Id] = @p24 AND [ConcurrencyStamp] = @p25;
dbug: Microsoft.EntityFrameworkCore.Database.Connection[20002]
      Closing connection to database 'AlFalahDb' on server '(localdb)\mssqllocaldb'.
dbug: Microsoft.EntityFrameworkCore.Database.Connection[20003]
      Closed connection to database 'AlFalahDb' on server '(localdb)\mssqllocaldb' (0ms).
dbug: Microsoft.EntityFrameworkCore.ChangeTracking[10807]
      An entity of type 'ApplicationUser' tracked by 'AlFalahDbContext' changed state from 'Modified' to 'Unchanged'. Consider using 'DbContextOptionsBuilder.EnableSensitiveDataLogging' to see key values.
dbug: Microsoft.EntityFrameworkCore.Update[10005]
      SaveChanges completed for 'AlFalahDbContext' with 1 entities written to the database.
dbug: Microsoft.EntityFrameworkCore.Database.Connection[20000]
      Opening connection to database 'AlFalahDb' on server '(localdb)\mssqllocaldb'.
dbug: Microsoft.EntityFrameworkCore.Database.Connection[20001]
      Opened connection to database 'AlFalahDb' on server '(localdb)\mssqllocaldb'.
info: Microsoft.EntityFrameworkCore.Database.Command[20101]
      Executed DbCommand (1ms) [Parameters=[@__normalizedRoleName_0='?' (Size = 256)], CommandType='Text', CommandTimeout='30']
      SELECT TOP(2) [r].[Id], [r].[ConcurrencyStamp], [r].[CreatedAt], [r].[DescriptionAr], [r].[DescriptionEn], [r].[IsActive], [r].[Name], [r].[NormalizedName]
      FROM [Roles] AS [r]
      WHERE [r].[NormalizedName] = @__normalizedRoleName_0
dbug: Microsoft.EntityFrameworkCore.Database.Connection[20002]
      Closing connection to database 'AlFalahDb' on server '(localdb)\mssqllocaldb'.
dbug: Microsoft.EntityFrameworkCore.Database.Connection[20003]
      Closed connection to database 'AlFalahDb' on server '(localdb)\mssqllocaldb' (0ms).
dbug: Microsoft.EntityFrameworkCore.Database.Connection[20000]
      Opening connection to database 'AlFalahDb' on server '(localdb)\mssqllocaldb'.
dbug: Microsoft.EntityFrameworkCore.Database.Connection[20001]
      Opened connection to database 'AlFalahDb' on server '(localdb)\mssqllocaldb'.
info: Microsoft.EntityFrameworkCore.Database.Command[20101]
      Executed DbCommand (0ms) [Parameters=[@__p_0='?' (Size = 450), @__p_1='?' (Size = 450)], CommandType='Text', CommandTimeout='30']
      SELECT TOP(1) [u].[UserId], [u].[RoleId]
      FROM [UserRoles] AS [u]
      WHERE [u].[UserId] = @__p_0 AND [u].[RoleId] = @__p_1
dbug: Microsoft.EntityFrameworkCore.ChangeTracking[10806]
      Context 'AlFalahDbContext' started tracking 'IdentityUserRole' entity. Consider using 'DbContextOptionsBuilder.EnableSensitiveDataLogging' to see key values.
dbug: Microsoft.EntityFrameworkCore.Database.Connection[20002]
      Closing connection to database 'AlFalahDb' on server '(localdb)\mssqllocaldb'.
dbug: Microsoft.EntityFrameworkCore.Database.Connection[20003]
      Closed connection to database 'AlFalahDb' on server '(localdb)\mssqllocaldb' (0ms).
dbug: Microsoft.EntityFrameworkCore.Database.Connection[20000]
      Opening connection to database 'AlFalahDb' on server '(localdb)\mssqllocaldb'.
dbug: Microsoft.EntityFrameworkCore.Database.Connection[20001]
      Opened connection to database 'AlFalahDb' on server '(localdb)\mssqllocaldb'.
info: Microsoft.EntityFrameworkCore.Database.Command[20101]
      Executed DbCommand (1ms) [Parameters=[@__normalizedName_0='?' (Size = 256)], CommandType='Text', CommandTimeout='30']
      SELECT TOP(1) [r].[Id], [r].[ConcurrencyStamp], [r].[CreatedAt], [r].[DescriptionAr], [r].[DescriptionEn], [r].[IsActive], [r].[Name], [r].[NormalizedName]
      FROM [Roles] AS [r]
      WHERE [r].[NormalizedName] = @__normalizedName_0
dbug: Microsoft.EntityFrameworkCore.Database.Connection[20002]
      Closing connection to database 'AlFalahDb' on server '(localdb)\mssqllocaldb'.
dbug: Microsoft.EntityFrameworkCore.Database.Connection[20003]
      Closed connection to database 'AlFalahDb' on server '(localdb)\mssqllocaldb' (0ms).
dbug: Microsoft.EntityFrameworkCore.Query[10111]
      Compiling query expression: 
      'DbSet<UserSchoolRole>()
          .IgnoreQueryFilters()
          .FirstOrDefault(x => x.UserId == __user_Id_0 && x.SchoolId == __school_Id_1 && x.RoleId == __role_Id_2)'
dbug: Microsoft.EntityFrameworkCore.Query[10107]
      Generated query execution expression: 
      'queryContext => ShapedQueryCompilingExpressionVisitor.SingleOrDefaultAsync<UserSchoolRole>(
          asyncEnumerable: new SingleQueryingEnumerable<UserSchoolRole>(
              (RelationalQueryContext)queryContext, 
              RelationalCommandCache.QueryExpression(
                  Projection Mapping:
                      EmptyProjectionMember -> Dictionary<IProperty, int> { [Property: UserSchoolRole.Id (int) Required PK AfterSave:Throw ValueGenerated.OnAdd, 0], [Property: UserSchoolRole.CreatedAt (DateTimeOffset) Required, 1], [Property: UserSchoolRole.CreatedByUserId (string) FK Index, 2], [Property: UserSchoolRole.DeletedAt (DateTimeOffset?), 3], [Property: UserSchoolRole.DeletedByUserId (string) FK Index, 4], [Property: UserSchoolRole.IsActive (bool) Required Index, 5], [Property: UserSchoolRole.IsDeleted (bool) Required Index, 6], [Property: UserSchoolRole.RoleId (string) Required FK Index, 7], [Property: UserSchoolRole.SchoolId (int) Required FK Index, 8], [Property: UserSchoolRole.UpdatedAt (DateTimeOffset) Required, 9], [Property: UserSchoolRole.UpdatedByUserId (string) FK Index, 10], [Property: UserSchoolRole.UserId (string) Required FK Index, 11] }
                  SELECT TOP(1) u.Id, u.CreatedAt, u.CreatedByUserId, u.DeletedAt, u.DeletedByUserId, u.IsActive, u.IsDeleted, u.RoleId, u.SchoolId, u.UpdatedAt, u.UpdatedByUserId, u.UserId
                  FROM UserSchoolRoles AS u
                  WHERE ((u.UserId == @__user_Id_0) && (u.SchoolId == @__school_Id_1)) && (u.RoleId == @__role_Id_2)), 
              null, 
              Func<QueryContext, DbDataReader, ResultContext, SingleQueryResultCoordinator, UserSchoolRole>, 
              AlFalah.Infrastructure.Data.AlFalahDbContext, 
              False, 
              False, 
              True
          ), 
          cancellationToken: queryContext.CancellationToken)'
dbug: Microsoft.EntityFrameworkCore.Database.Connection[20000]
      Opening connection to database 'AlFalahDb' on server '(localdb)\mssqllocaldb'.
dbug: Microsoft.EntityFrameworkCore.Database.Connection[20001]
      Opened connection to database 'AlFalahDb' on server '(localdb)\mssqllocaldb'.
info: Microsoft.EntityFrameworkCore.Database.Command[20101]
      Executed DbCommand (5ms) [Parameters=[@__user_Id_0='?' (Size = 450), @__school_Id_1='?' (DbType = Int32), @__role_Id_2='?' (Size = 450)], CommandType='Text', CommandTimeout='30']
      SELECT TOP(1) [u].[Id], [u].[CreatedAt], [u].[CreatedByUserId], [u].[DeletedAt], [u].[DeletedByUserId], [u].[IsActive], [u].[IsDeleted], [u].[RoleId], [u].[SchoolId], [u].[UpdatedAt], [u].[UpdatedByUserId], [u].[UserId]
      FROM [UserSchoolRoles] AS [u]
      WHERE [u].[UserId] = @__user_Id_0 AND [u].[SchoolId] = @__school_Id_1 AND [u].[RoleId] = @__role_Id_2
dbug: Microsoft.EntityFrameworkCore.ChangeTracking[10805]
      The navigation 'UserSchoolRole.School' was detected as changed. Consider using 'DbContextOptionsBuilder.EnableSensitiveDataLogging' to see key values.
dbug: Microsoft.EntityFrameworkCore.ChangeTracking[10805]
      The navigation 'UserSchoolRole.User' was detected as changed. Consider using 'DbContextOptionsBuilder.EnableSensitiveDataLogging' to see key values.
dbug: Microsoft.EntityFrameworkCore.ChangeTracking[10806]
      Context 'AlFalahDbContext' started tracking 'UserSchoolRole' entity. Consider using 'DbContextOptionsBuilder.EnableSensitiveDataLogging' to see key values.
dbug: Microsoft.EntityFrameworkCore.Database.Connection[20002]
      Closing connection to database 'AlFalahDb' on server '(localdb)\mssqllocaldb'.
dbug: Microsoft.EntityFrameworkCore.Database.Connection[20003]
      Closed connection to database 'AlFalahDb' on server '(localdb)\mssqllocaldb' (0ms).
dbug: Microsoft.EntityFrameworkCore.ChangeTracking[10800]
      DetectChanges starting for 'AlFalahDbContext'.
dbug: Microsoft.EntityFrameworkCore.ChangeTracking[10801]
      DetectChanges completed for 'AlFalahDbContext'.
dbug: Microsoft.EntityFrameworkCore.Update[10004]
      SaveChanges starting for 'AlFalahDbContext'.
dbug: Microsoft.EntityFrameworkCore.ChangeTracking[10800]
      DetectChanges starting for 'AlFalahDbContext'.
dbug: Microsoft.EntityFrameworkCore.ChangeTracking[10801]
      DetectChanges completed for 'AlFalahDbContext'.
dbug: Microsoft.EntityFrameworkCore.Update[10005]
      SaveChanges completed for 'AlFalahDbContext' with 0 entities written to the database.
dbug: Microsoft.EntityFrameworkCore.Database.Connection[20000]
      Opening connection to database 'AlFalahDb' on server '(localdb)\mssqllocaldb'.
dbug: Microsoft.EntityFrameworkCore.Database.Connection[20001]
      Opened connection to database 'AlFalahDb' on server '(localdb)\mssqllocaldb'.
info: Microsoft.EntityFrameworkCore.Database.Command[20101]
      Executed DbCommand (1ms) [Parameters=[@__normalizedName_0='?' (Size = 256)], CommandType='Text', CommandTimeout='30']
      SELECT TOP(1) [r].[Id], [r].[ConcurrencyStamp], [r].[CreatedAt], [r].[DescriptionAr], [r].[DescriptionEn], [r].[IsActive], [r].[Name], [r].[NormalizedName]
      FROM [Roles] AS [r]
      WHERE [r].[NormalizedName] = @__normalizedName_0
dbug: Microsoft.EntityFrameworkCore.Database.Connection[20002]
      Closing connection to database 'AlFalahDb' on server '(localdb)\mssqllocaldb'.
dbug: Microsoft.EntityFrameworkCore.Database.Connection[20003]
      Closed connection to database 'AlFalahDb' on server '(localdb)\mssqllocaldb' (0ms).
dbug: Microsoft.EntityFrameworkCore.Database.Connection[20000]
      Opening connection to database 'AlFalahDb' on server '(localdb)\mssqllocaldb'.
dbug: Microsoft.EntityFrameworkCore.Database.Connection[20001]
      Opened connection to database 'AlFalahDb' on server '(localdb)\mssqllocaldb'.
info: Microsoft.EntityFrameworkCore.Database.Command[20101]
      Executed DbCommand (1ms) [Parameters=[@__user_Id_0='?' (Size = 450), @__school_Id_1='?' (DbType = Int32), @__role_Id_2='?' (Size = 450)], CommandType='Text', CommandTimeout='30']
      SELECT TOP(1) [u].[Id], [u].[CreatedAt], [u].[CreatedByUserId], [u].[DeletedAt], [u].[DeletedByUserId], [u].[IsActive], [u].[IsDeleted], [u].[RoleId], [u].[SchoolId], [u].[UpdatedAt], [u].[UpdatedByUserId], [u].[UserId]
      FROM [UserSchoolRoles] AS [u]
      WHERE [u].[UserId] = @__user_Id_0 AND [u].[SchoolId] = @__school_Id_1 AND [u].[RoleId] = @__role_Id_2
dbug: Microsoft.EntityFrameworkCore.ChangeTracking[10805]
      The navigation 'UserSchoolRole.School' was detected as changed. Consider using 'DbContextOptionsBuilder.EnableSensitiveDataLogging' to see key values.
dbug: Microsoft.EntityFrameworkCore.ChangeTracking[10805]
      The navigation 'UserSchoolRole.UpdatedByUser' was detected as changed. Consider using 'DbContextOptionsBuilder.EnableSensitiveDataLogging' to see key values.
dbug: Microsoft.EntityFrameworkCore.ChangeTracking[10805]
      The navigation 'UserSchoolRole.User' was detected as changed. Consider using 'DbContextOptionsBuilder.EnableSensitiveDataLogging' to see key values.
dbug: Microsoft.EntityFrameworkCore.ChangeTracking[10806]
      Context 'AlFalahDbContext' started tracking 'UserSchoolRole' entity. Consider using 'DbContextOptionsBuilder.EnableSensitiveDataLogging' to see key values.
dbug: Microsoft.EntityFrameworkCore.Database.Connection[20002]
      Closing connection to database 'AlFalahDb' on server '(localdb)\mssqllocaldb'.
dbug: Microsoft.EntityFrameworkCore.Database.Connection[20003]
      Closed connection to database 'AlFalahDb' on server '(localdb)\mssqllocaldb' (0ms).
dbug: Microsoft.EntityFrameworkCore.ChangeTracking[10800]
      DetectChanges starting for 'AlFalahDbContext'.
dbug: Microsoft.EntityFrameworkCore.ChangeTracking[10801]
      DetectChanges completed for 'AlFalahDbContext'.
dbug: Microsoft.EntityFrameworkCore.Update[10004]
      SaveChanges starting for 'AlFalahDbContext'.
dbug: Microsoft.EntityFrameworkCore.ChangeTracking[10800]
      DetectChanges starting for 'AlFalahDbContext'.
dbug: Microsoft.EntityFrameworkCore.ChangeTracking[10801]
      DetectChanges completed for 'AlFalahDbContext'.
dbug: Microsoft.EntityFrameworkCore.Update[10005]
      SaveChanges completed for 'AlFalahDbContext' with 0 entities written to the database.
dbug: Microsoft.EntityFrameworkCore.Database.Connection[20000]
      Opening connection to database 'AlFalahDb' on server '(localdb)\mssqllocaldb'.
dbug: Microsoft.EntityFrameworkCore.Database.Connection[20001]
      Opened connection to database 'AlFalahDb' on server '(localdb)\mssqllocaldb'.
info: Microsoft.EntityFrameworkCore.Database.Command[20101]
      Executed DbCommand (1ms) [Parameters=[@__normalizedName_0='?' (Size = 256)], CommandType='Text', CommandTimeout='30']
      SELECT TOP(1) [r].[Id], [r].[ConcurrencyStamp], [r].[CreatedAt], [r].[DescriptionAr], [r].[DescriptionEn], [r].[IsActive], [r].[Name], [r].[NormalizedName]
      FROM [Roles] AS [r]
      WHERE [r].[NormalizedName] = @__normalizedName_0
dbug: Microsoft.EntityFrameworkCore.Database.Connection[20002]
      Closing connection to database 'AlFalahDb' on server '(localdb)\mssqllocaldb'.
dbug: Microsoft.EntityFrameworkCore.Database.Connection[20003]
      Closed connection to database 'AlFalahDb' on server '(localdb)\mssqllocaldb' (0ms).
dbug: Microsoft.EntityFrameworkCore.Database.Connection[20000]
      Opening connection to database 'AlFalahDb' on server '(localdb)\mssqllocaldb'.
dbug: Microsoft.EntityFrameworkCore.Database.Connection[20001]
      Opened connection to database 'AlFalahDb' on server '(localdb)\mssqllocaldb'.
info: Microsoft.EntityFrameworkCore.Database.Command[20101]
      Executed DbCommand (0ms) [Parameters=[@__user_Id_0='?' (Size = 450), @__school_Id_1='?' (DbType = Int32), @__role_Id_2='?' (Size = 450)], CommandType='Text', CommandTimeout='30']
      SELECT TOP(1) [u].[Id], [u].[CreatedAt], [u].[CreatedByUserId], [u].[DeletedAt], [u].[DeletedByUserId], [u].[IsActive], [u].[IsDeleted], [u].[RoleId], [u].[SchoolId], [u].[UpdatedAt], [u].[UpdatedByUserId], [u].[UserId]
      FROM [UserSchoolRoles] AS [u]
      WHERE [u].[UserId] = @__user_Id_0 AND [u].[SchoolId] = @__school_Id_1 AND [u].[RoleId] = @__role_Id_2
dbug: Microsoft.EntityFrameworkCore.ChangeTracking[10805]
      The navigation 'UserSchoolRole.School' was detected as changed. Consider using 'DbContextOptionsBuilder.EnableSensitiveDataLogging' to see key values.
dbug: Microsoft.EntityFrameworkCore.ChangeTracking[10805]
      The navigation 'UserSchoolRole.User' was detected as changed. Consider using 'DbContextOptionsBuilder.EnableSensitiveDataLogging' to see key values.
dbug: Microsoft.EntityFrameworkCore.ChangeTracking[10806]
      Context 'AlFalahDbContext' started tracking 'UserSchoolRole' entity. Consider using 'DbContextOptionsBuilder.EnableSensitiveDataLogging' to see key values.
dbug: Microsoft.EntityFrameworkCore.Database.Connection[20002]
      Closing connection to database 'AlFalahDb' on server '(localdb)\mssqllocaldb'.
dbug: Microsoft.EntityFrameworkCore.Database.Connection[20003]
      Closed connection to database 'AlFalahDb' on server '(localdb)\mssqllocaldb' (0ms).
dbug: Microsoft.EntityFrameworkCore.ChangeTracking[10800]
      DetectChanges starting for 'AlFalahDbContext'.
dbug: Microsoft.EntityFrameworkCore.ChangeTracking[10801]
      DetectChanges completed for 'AlFalahDbContext'.
dbug: Microsoft.EntityFrameworkCore.Update[10004]
      SaveChanges starting for 'AlFalahDbContext'.
dbug: Microsoft.EntityFrameworkCore.ChangeTracking[10800]
      DetectChanges starting for 'AlFalahDbContext'.
dbug: Microsoft.EntityFrameworkCore.ChangeTracking[10801]
      DetectChanges completed for 'AlFalahDbContext'.
dbug: Microsoft.EntityFrameworkCore.Update[10005]
      SaveChanges completed for 'AlFalahDbContext' with 0 entities written to the database.
dbug: Microsoft.EntityFrameworkCore.Query[10111]
      Compiling query expression: 
      'DbSet<InstructorProfile>()
          .IgnoreQueryFilters()
          .FirstOrDefault(x => x.UserId == __instructor_Id_0)'
dbug: Microsoft.EntityFrameworkCore.Query[10107]
      Generated query execution expression: 
      'queryContext => ShapedQueryCompilingExpressionVisitor.SingleOrDefaultAsync<InstructorProfile>(
          asyncEnumerable: new SingleQueryingEnumerable<InstructorProfile>(
              (RelationalQueryContext)queryContext, 
              RelationalCommandCache.QueryExpression(
                  Projection Mapping:
                      EmptyProjectionMember -> Dictionary<IProperty, int> { [Property: InstructorProfile.Id (int) Required PK AfterSave:Throw ValueGenerated.OnAdd, 0], [Property: InstructorProfile.CreatedAt (DateTimeOffset) Required, 1], [Property: InstructorProfile.DeletedAt (DateTimeOffset?), 2], [Property: InstructorProfile.DeletedByUserId (string), 3], [Property: InstructorProfile.EmployeeNumber (string) MaxLength(50), 4], [Property: InstructorProfile.HireDate (DateOnly?), 5], [Property: InstructorProfile.IsActive (bool) Required, 6], [Property: InstructorProfile.IsDeleted (bool) Required Index, 7], [Property: InstructorProfile.QualificationAr (string) MaxLength(200), 8], [Property: InstructorProfile.QualificationEn (string) MaxLength(200), 9], [Property: InstructorProfile.SchoolId (int) Required FK Index, 10], [Property: InstructorProfile.Stage (SchoolStage?), 11], [Property: InstructorProfile.SubjectSpecialization (string) MaxLength(200), 12], [Property: InstructorProfile.UpdatedAt (DateTimeOffset) Required, 13], [Property: InstructorProfile.UserId (string) Required FK Index, 14] }
                  SELECT TOP(1) i.Id, i.CreatedAt, i.DeletedAt, i.DeletedByUserId, i.EmployeeNumber, i.HireDate, i.IsActive, i.IsDeleted, i.QualificationAr, i.QualificationEn, i.SchoolId, i.Stage, i.SubjectSpecialization, i.UpdatedAt, i.UserId
                  FROM InstructorProfiles AS i
                  WHERE i.UserId == @__instructor_Id_0), 
              null, 
              Func<QueryContext, DbDataReader, ResultContext, SingleQueryResultCoordinator, InstructorProfile>, 
              AlFalah.Infrastructure.Data.AlFalahDbContext, 
              False, 
              False, 
              True
          ), 
          cancellationToken: queryContext.CancellationToken)'
dbug: Microsoft.EntityFrameworkCore.Database.Connection[20000]
      Opening connection to database 'AlFalahDb' on server '(localdb)\mssqllocaldb'.
dbug: Microsoft.EntityFrameworkCore.Database.Connection[20001]
      Opened connection to database 'AlFalahDb' on server '(localdb)\mssqllocaldb'.
info: Microsoft.EntityFrameworkCore.Database.Command[20101]
      Executed DbCommand (3ms) [Parameters=[@__instructor_Id_0='?' (Size = 450)], CommandType='Text', CommandTimeout='30']
      SELECT TOP(1) [i].[Id], [i].[CreatedAt], [i].[DeletedAt], [i].[DeletedByUserId], [i].[EmployeeNumber], [i].[HireDate], [i].[IsActive], [i].[IsDeleted], [i].[QualificationAr], [i].[QualificationEn], [i].[SchoolId], [i].[Stage], [i].[SubjectSpecialization], [i].[UpdatedAt], [i].[UserId]
      FROM [InstructorProfiles] AS [i]
      WHERE [i].[UserId] = @__instructor_Id_0
dbug: Microsoft.EntityFrameworkCore.ChangeTracking[10805]
      The navigation 'InstructorProfile.User' was detected as changed. Consider using 'DbContextOptionsBuilder.EnableSensitiveDataLogging' to see key values.
dbug: Microsoft.EntityFrameworkCore.ChangeTracking[10806]
      Context 'AlFalahDbContext' started tracking 'InstructorProfile' entity. Consider using 'DbContextOptionsBuilder.EnableSensitiveDataLogging' to see key values.
dbug: Microsoft.EntityFrameworkCore.Database.Connection[20002]
      Closing connection to database 'AlFalahDb' on server '(localdb)\mssqllocaldb'.
dbug: Microsoft.EntityFrameworkCore.Database.Connection[20003]
      Closed connection to database 'AlFalahDb' on server '(localdb)\mssqllocaldb' (0ms).
dbug: Microsoft.EntityFrameworkCore.ChangeTracking[10800]
      DetectChanges starting for 'AlFalahDbContext'.
dbug: Microsoft.EntityFrameworkCore.ChangeTracking[10801]
      DetectChanges completed for 'AlFalahDbContext'.
dbug: Microsoft.EntityFrameworkCore.Update[10004]
      SaveChanges starting for 'AlFalahDbContext'.
dbug: Microsoft.EntityFrameworkCore.ChangeTracking[10800]
      DetectChanges starting for 'AlFalahDbContext'.
dbug: Microsoft.EntityFrameworkCore.ChangeTracking[10801]
      DetectChanges completed for 'AlFalahDbContext'.
dbug: Microsoft.EntityFrameworkCore.Update[10005]
      SaveChanges completed for 'AlFalahDbContext' with 0 entities written to the database.
info: AlFalah.Infrastructure.Data.Seeders.DatabaseSeeder[0]
      Development accounts ensured: superadmin, main_manager_1, school_manager_1, moderator_1, instructor_1
dbug: Microsoft.EntityFrameworkCore.Query[10111]
      Compiling query expression: 
      'DbSet<RubricVersion>()
          .IgnoreQueryFilters()
          .Any()'
dbug: Microsoft.EntityFrameworkCore.Query[10107]
      Generated query execution expression: 
      'queryContext => ShapedQueryCompilingExpressionVisitor.SingleAsync<bool>(
          asyncEnumerable: new SingleQueryingEnumerable<bool>(
              (RelationalQueryContext)queryContext, 
              RelationalCommandCache.QueryExpression(
                  Projection Mapping:
                      EmptyProjectionMember -> 0
                  SELECT EXISTS (
                      SELECT 1
                      FROM RubricVersions AS r)), 
              null, 
              Func<QueryContext, DbDataReader, ResultContext, SingleQueryResultCoordinator, bool>, 
              AlFalah.Infrastructure.Data.AlFalahDbContext, 
              False, 
              False, 
              True
          ), 
          cancellationToken: queryContext.CancellationToken)'
dbug: Microsoft.EntityFrameworkCore.Database.Connection[20000]
      Opening connection to database 'AlFalahDb' on server '(localdb)\mssqllocaldb'.
dbug: Microsoft.EntityFrameworkCore.Database.Connection[20001]
      Opened connection to database 'AlFalahDb' on server '(localdb)\mssqllocaldb'.
info: Microsoft.EntityFrameworkCore.Database.Command[20101]
      Executed DbCommand (2ms) [Parameters=[], CommandType='Text', CommandTimeout='30']
      SELECT CASE
          WHEN EXISTS (
              SELECT 1
              FROM [RubricVersions] AS [r]) THEN CAST(1 AS bit)
          ELSE CAST(0 AS bit)
      END
dbug: Microsoft.EntityFrameworkCore.Database.Connection[20002]
      Closing connection to database 'AlFalahDb' on server '(localdb)\mssqllocaldb'.
dbug: Microsoft.EntityFrameworkCore.Database.Connection[20003]
      Closed connection to database 'AlFalahDb' on server '(localdb)\mssqllocaldb' (0ms).
dbug: Microsoft.EntityFrameworkCore.Query[10111]
      Compiling query expression: 
      'DbSet<RubricStandard>()
          .IgnoreQueryFilters()
          .Where(s => !(s.IsDeleted) && s.TextAr.Contains("كوكو") || s.TextAr.Contains("بوبو") || s.TextAr.ToLower().Contains("koko") || s.TextAr.ToLower().Contains("bobo"))'
dbug: Microsoft.EntityFrameworkCore.Query[10107]
      Generated query execution expression: 
      'queryContext => new SingleQueryingEnumerable<RubricStandard>(
          (RelationalQueryContext)queryContext, 
          RelationalCommandCache.QueryExpression(
              Projection Mapping:
                  EmptyProjectionMember -> Dictionary<IProperty, int> { [Property: RubricStandard.Id (int) Required PK AfterSave:Throw ValueGenerated.OnAdd, 0], [Property: RubricStandard.Code (string) Required Index MaxLength(20), 1], [Property: RubricStandard.DeletedAt (DateTimeOffset?), 2], [Property: RubricStandard.DeletedByUserId (string), 3], [Property: RubricStandard.IsDeleted (bool) Required Index, 4], [Property: RubricStandard.RubricDomainId (int) Required FK Index, 5], [Property: RubricStandard.SortOrder (int) Required Index, 6], [Property: RubricStandard.TextAr (string) Required MaxLength(1000), 7] }
              SELECT r.Id, r.Code, r.DeletedAt, r.DeletedByUserId, r.IsDeleted, r.RubricDomainId, r.SortOrder, r.TextAr
              FROM RubricStandards AS r
              WHERE Not(r.IsDeleted) && ((((r.TextAr LIKE N'%كوكو%') || (r.TextAr LIKE N'%بوبو%')) || (LOWER(r.TextAr) LIKE N'%koko%')) || (LOWER(r.TextAr) LIKE N'%bobo%'))), 
          null, 
          Func<QueryContext, DbDataReader, ResultContext, SingleQueryResultCoordinator, RubricStandard>, 
          AlFalah.Infrastructure.Data.AlFalahDbContext, 
          False, 
          False, 
          True
      )'
dbug: Microsoft.EntityFrameworkCore.Database.Connection[20000]
      Opening connection to database 'AlFalahDb' on server '(localdb)\mssqllocaldb'.
dbug: Microsoft.EntityFrameworkCore.Database.Connection[20001]
      Opened connection to database 'AlFalahDb' on server '(localdb)\mssqllocaldb'.
info: Microsoft.EntityFrameworkCore.Database.Command[20101]
      Executed DbCommand (5ms) [Parameters=[], CommandType='Text', CommandTimeout='30']
      SELECT [r].[Id], [r].[Code], [r].[DeletedAt], [r].[DeletedByUserId], [r].[IsDeleted], [r].[RubricDomainId], [r].[SortOrder], [r].[TextAr]
      FROM [RubricStandards] AS [r]
      WHERE [r].[IsDeleted] = CAST(0 AS bit) AND ([r].[TextAr] LIKE N'%كوكو%' OR [r].[TextAr] LIKE N'%بوبو%' OR LOWER([r].[TextAr]) LIKE N'%koko%' OR LOWER([r].[TextAr]) LIKE N'%bobo%')
dbug: Microsoft.EntityFrameworkCore.Database.Connection[20002]
      Closing connection to database 'AlFalahDb' on server '(localdb)\mssqllocaldb'.
dbug: Microsoft.EntityFrameworkCore.Database.Connection[20003]
      Closed connection to database 'AlFalahDb' on server '(localdb)\mssqllocaldb' (0ms).
info: AlFalah.Infrastructure.Data.Seeders.DatabaseSeeder[0]
      Database seeding completed.
dbug: Microsoft.EntityFrameworkCore.Infrastructure[10407]
      'AlFalahDbContext' disposed.
dbug: Microsoft.EntityFrameworkCore.Database.Connection[20007]
      Disposing connection to database 'AlFalahDb' on server '(localdb)\mssqllocaldb'.
dbug: Microsoft.EntityFrameworkCore.Database.Connection[20008]
      Disposed connection to database '' on server '' (0ms).
dbug: Microsoft.Extensions.Hosting.Internal.Host[1]
      Hosting starting
info: Microsoft.Hosting.Lifetime[14]
      Now listening on: http://localhost:5264
info: Microsoft.Hosting.Lifetime[0]
      Application started. Press Ctrl+C to shut down.
info: Microsoft.Hosting.Lifetime[0]
      Hosting environment: Development
info: Microsoft.Hosting.Lifetime[0]
      Content root path: D:\AlFalah-Manage-System\backend\AlFalah.Api
dbug: Microsoft.Extensions.Hosting.Internal.Host[2]
      Hosting started
